k,metric,weights,accuracy_mean,accuracy_std,accuracy_count,precision_mean,precision_std,precision_count,recall_mean,recall_std,recall_count,specificity_mean,specificity_std,specificity_count,f1_mean,f1_std,f1_count,balanced_accuracy_mean,balanced_accuracy_std,balanced_accuracy_count,roc_auc_mean,roc_auc_std,roc_auc_count,average_precision_mean,average_precision_std,average_precision_count
1,euclidean,uniform,0.73020833333333335,0.0055726732812896992,5,0.39006269671493082,0.010814543991281905,5,0.3891505189113777,0.011008953688178084,5,0.82708217334071144,0.0066154123022652989,5,0.38955305481688762,0.0096741230622575791,5,0.60811634612604459,0.006229445672584424,5,0.60811634612604459,0.0062294456725844232,5,0.28697222543450956,0.005441993870568651,5
3,euclidean,uniform,0.77679166666666666,0.0028965077152399397,5,0.49370308482263969,0.0090781469919515526,5,0.36221061394306975,0.017964756555304287,5,0.89454790231119896,0.0035658366362752857,5,0.41773771148654115,0.014552987462237847,5,0.62837925812713435,0.0078757031578368525,5,0.67525075840018123,0.0061773375853761857,5,0.37020793833049997,0.009321579932980488,5
5,euclidean,uniform,0.79225000000000001,0.0030419520414073243,5,0.54741349122695138,0.010165934518856445,5,0.35091046892832861,0.014384853334606852,5,0.91760718904219996,0.0030862542843223761,5,0.42757887090397767,0.01279753033330722,5,0.6342588289852642,0.0066706590318237249,5,0.70103970734411991,0.0058841324792003689,5,0.41500790783199981,0.012487311703300089,5
7,euclidean,uniform,0.80012500000000009,0.0047337991261424146,5,0.58148866073772432,0.016279834650720637,5,0.34356370620048954,0.021017260298217669,5,0.92980546753802229,0.0037835294990073388,5,0.43174527567666621,0.019828441309612314,5,0.63668458686925589,0.010125777868601258,5,0.7168485391521624,0.0076464460947457029,5,0.43902983833415093,0.013814637073248493,5
9,euclidean,uniform,0.80608333333333326,0.0043735116515983795,5,0.60847925644857515,0.013552800748694993,5,0.34525933144121934,0.022718537190415923,5,0.93697476213801245,0.0027388601031015634,5,0.44033595385486424,0.021202809789438525,5,0.6411170467896159,0.010743820570104756,5,0.72783597142404166,0.0065863120813708168,5,0.45593681812720888,0.014666864203738694,5
11,euclidean,uniform,0.80824999999999991,0.0053937817850228725,5,0.62025319258315803,0.018665814149147891,5,0.3426236840844103,0.021018683285019608,5,0.94050596212954107,0.0022481828632448697,5,0.44130278549197755,0.021632382565729635,5,0.64156482310697571,0.010867081433738412,5,0.73412439471503776,0.0059769290221701908,5,0.46866222062298729,0.01543695356232197,5
13,euclidean,uniform,0.80974999999999997,0.004633719258507865,5,0.62748734506143189,0.016441492316542985,5,0.34394266149086511,0.017045110944591768,5,0.94205760832810659,0.0021053045651616312,5,0.44426553505601973,0.017843498704274707,5,0.64300013490948582,0.0089686989462712235,5,0.7373361348856402,0.0054530620320295568,5,0.47764271114112944,0.013744060940818448,5
15,euclidean,uniform,0.81020833333333331,0.0048613591206575317,5,0.63114750380862439,0.017210347028042385,5,0.34111691525068732,0.01782546551380014,5,0.94344868364359247,0.0016785362831490329,5,0.44281248984568844,0.019018539913585954,5,0.64228279944713995,0.0094627148819484454,5,0.74012639728834029,0.0063077972820164453,5,0.48333277873960034,0.013423603256507724,5
17,euclidean,uniform,0.81108333333333338,0.0055578554267310745,5,0.63626302983677374,0.019738209867774942,5,0.33998590676812379,0.020466309684943885,5,0.94489320626754481,0.0017867762260815906,5,0.44308693325265158,0.0219920586219596,5,0.64243955651783424,0.010862737224715124,5,0.74275709782998933,0.0069791831082455045,5,0.48809835759289477,0.012676265378835367,5
19,euclidean,uniform,0.81245833333333339,0.0062558999929843645,5,0.64266347938835522,0.023206286830388445,5,0.34205835733975165,0.021119260983786005,5,0.9460701918422092,0.002655056426135879,5,0.44640193308494924,0.023283584915958697,5,0.64406427459098048,0.011500833236960972,5,0.74405999707772175,0.0051647911983695094,5,0.49163352016878009,0.012049807524320215,5
21,euclidean,uniform,0.81262500000000004,0.0049969608819317073,5,0.64450941184956401,0.01952351893310468,5,0.34074044491303551,0.015660251300566301,5,0.94665872755910652,0.0025303990227163523,5,0.44575674078844296,0.017758061792110504,5,0.64369958623607104,0.0087260454556503959,5,0.74517923651433859,0.0056562711775863719,5,0.49503884963389727,0.011307600427636665,5
23,euclidean,uniform,0.81312499999999999,0.0041718717488543377,5,0.64814031214022771,0.017048980582338134,5,0.33942217749307318,0.012111022044903601,5,0.94767524241967627,0.002495165140396089,5,0.44550078033875307,0.014068254495146726,5,0.64354870995637481,0.0068983673765937786,5,0.74599611788430775,0.0050807689656751634,5,0.49789926191976458,0.010981012101621007,5
25,euclidean,uniform,0.81325000000000003,0.0039791121287710762,5,0.65044444949839775,0.016701926465255222,5,0.3367842226801635,0.013452851218322431,5,0.94858467663519774,0.0030330337708190367,5,0.44370619298672931,0.014358922095448064,5,0.64268444965768068,0.0070389123022652333,5,0.74786177374842189,0.0055704401624861576,5,0.50036092645827834,0.011141451504403547,5
27,euclidean,uniform,0.81387500000000002,0.0049620959113396207,5,0.65510865967004095,0.019881605789077397,5,0.33471319208152062,0.016294312229690373,5,0.94997575195068362,0.0028785901979620407,5,0.4429843288167753,0.018036947797058518,5,0.64234447201610212,0.0088285194373134476,5,0.7495100576300413,0.0062422729018072696,5,0.50186628022785118,0.011484167825869578,5
29,euclidean,uniform,0.81383333333333341,0.0046738226384359042,5,0.65424952768334144,0.018166787149499902,5,0.33565498916383113,0.015698353119013238,5,0.94965476759292922,0.0023618371291257633,5,0.44362684785492662,0.0173858880341962,5,0.64265487837838031,0.0084994956161169796,5,0.74967774624159089,0.0060587206892311288,5,0.50360397915029098,0.010708957296446832,5
31,euclidean,uniform,0.81412499999999999,0.0043586002149007576,5,0.65708004933551878,0.016589280454427785,5,0.33377139499921016,0.01578306161608356,5,0.95056430197743591,0.0020882163851231308,5,0.44261156272145569,0.017115865659020544,5,0.64216784848832309,0.0083283984415667926,5,0.75121954748338005,0.0065439376538809603,5,0.50637657393016899,0.010316529571663872,5
1,euclidean,distance,0.73020833333333335,0.0055726732812896992,5,0.39006269671493082,0.010814543991281905,5,0.3891505189113777,0.011008953688178084,5,0.82708217334071144,0.0066154123022652989,5,0.38955305481688762,0.0096741230622575791,5,0.60811634612604459,0.006229445672584424,5,0.60811634612604459,0.0062294456725844232,5,0.28697222543450956,0.005441993870568651,5
3,euclidean,distance,0.77412499999999995,0.0018945737573982603,5,0.48594167600679317,0.0057186585869311397,5,0.36597868975542741,0.015175904439386149,5,0.89005370631684211,0.0038040522046738448,5,0.41740635483011646,0.011203368115236922,5,0.62801619803613484,0.0061040674410702796,5,0.67450209866055499,0.0054820947102395901,5,0.39792813639263913,0.0077449016899005666,5
5,euclidean,distance,0.78916666666666668,0.0019037153002601042,5,0.53525596335968961,0.0059471214029621095,5,0.35543201790585932,0.014425254816102509,5,0.91236401523656119,0.0028557631013782789,5,0.42709080611332706,0.011635739324567806,5,0.63389801657121025,0.0061069767266478704,5,0.70010207500924726,0.0040936141089431164,5,0.44495426151183126,0.010133654953482027,5
7,euclidean,distance,0.79800000000000004,0.0039131189606246668,5,0.57117184887001771,0.013287737663042377,5,0.34789604377776712,0.01895702629028765,5,0.9258464171915165,0.0034602490639987918,5,0.4322596048607048,0.017394329871157254,5,0.63687123048464178,0.0088916681139686368,5,0.71466188904844952,0.0052046920221233426,5,0.46590426575518168,0.010992263152402745,5
9,euclidean,distance,0.80345833333333339,0.003276203129301416,5,0.59486791173033537,0.011615075161902718,5,0.3495914915218738,0.019260220546257679,5,0.93237354273802764,0.0039080486337567935,5,0.44016477705679263,0.016659121490667759,5,0.6409825171299508,0.0085019756107384305,5,0.72566578906358448,0.0054661692939023104,5,0.47897912939943421,0.014457909525674944,5
11,euclidean,distance,0.80658333333333343,0.0047085176955055435,5,0.61028681816793673,0.016339990203665788,5,0.34714328059908661,0.020204503113541734,5,0.93708174261407573,0.0030881819061530928,5,0.44239927038643145,0.019619319240982095,5,0.64211251160658112,0.0099588969535400699,5,0.73201152553474969,0.0051818616239189498,5,0.48788085774205514,0.015953053851294721,5
13,euclidean,distance,0.80824999999999991,0.0032362154251189702,5,0.61912433043748638,0.012163182831850061,5,0.34601422457937742,0.013478980339642775,5,0.93954289457743789,0.0026334015078397321,5,0.44384332916605362,0.01303767381924475,5,0.64277855957840768,0.0065790183339248954,5,0.73536209300884781,0.0045900559414784421,5,0.49418134870579544,0.015688805905385371,5
15,euclidean,distance,0.80904166666666666,0.0038769036542638919,5,0.62312769122845002,0.012404207788744159,5,0.34544854284147242,0.018482315196579453,5,0.9407200232506524,0.0016710676055478903,5,0.44436781687595567,0.01801367948504427,5,0.64308428304606247,0.0090174131961304298,5,0.73877407689967789,0.0051997245145164531,5,0.4978982445020419,0.015214418278949225,5
17,euclidean,distance,0.8101666666666667,0.0046687123492457454,5,0.63007296560971982,0.016807935456097867,5,0.34299997692543899,0.017800835341853789,5,0.94286009068727528,0.0020981351187506049,5,0.4441101847735619,0.018630982084930955,5,0.64293003380635705,0.0092564374329709345,5,0.74130048486712896,0.0055751579382238587,5,0.50111504174287003,0.014441998720204092,5
19,euclidean,distance,0.8115,0.0049265437512858376,5,0.63718953542290868,0.018631044531299126,5,0.34300050941530841,0.017612540412539776,5,0.94457207881124039,0.0026418283947080416,5,0.44586336785945307,0.018765031405793622,5,0.64378629411327437,0.0092901696075691938,5,0.7427816502494945,0.0041591405374236095,5,0.50333376727161083,0.013432059919561543,5
21,euclidean,distance,0.81166666666666676,0.0041562369465125062,5,0.63858477291931703,0.016377016138598259,5,0.34224756874000473,0.013820239933880289,5,0.94500008657462276,0.002532660914770397,5,0.44559674355341905,0.015032515631693591,5,0.64362382765731385,0.00742398448155059,5,0.7440839499963906,0.0044856143069316474,5,0.50567251757934828,0.013303088104985299,5
23,euclidean,distance,0.81208333333333338,0.0033689503393325455,5,0.64141341818526709,0.013766959702723573,5,0.34130523916782485,0.011433457164976424,5,0.94580261186335635,0.0024754261658022809,5,0.44548275912139979,0.012173288512506417,5,0.64355392551559054,0.0059975021825687154,5,0.74509575115668181,0.0042251907992622651,5,0.50756066639031139,0.01215057461358276,5
25,euclidean,distance,0.81270833333333337,0.0033039065681570207,5,0.64433121062475407,0.014458566123745093,5,0.34243536016727283,0.012237352432987729,5,0.94628403831549535,0.0031671577427639336,5,0.44710621392509964,0.012133016770690617,5,0.64435969924138414,0.0060141533356932271,5,0.74689218819083547,0.0049005943791228046,5,0.50932966021744375,0.012994737694927498,5
27,euclidean,distance,0.81316666666666682,0.0043135566338386123,5,0.64753186254595918,0.017260703076446296,5,0.34092947881666552,0.015036928299315069,5,0.94730061041548519,0.0028549544696283556,5,0.44659823533567122,0.015944521472712591,5,0.64411504461607527,0.0078820057728154515,5,0.74843970917809677,0.0053814968964816263,5,0.51043865815933476,0.012109994651548717,5
29,euclidean,distance,0.81333333333333324,0.0041718717488543056,5,0.64916777624995858,0.017427747340948593,5,0.33979918032059436,0.014422091693767928,5,0.94783559865493083,0.0031074870473246116,5,0.44600534443546558,0.015203960819937247,5,0.64381738948776257,0.0074944695269514106,5,0.74878592792091958,0.0052658564019993906,5,0.51135653403805537,0.011494486883354346,5
31,euclidean,distance,0.81395833333333323,0.004564354645876372,5,0.65295915812277794,0.018698967220000497,5,0.33923403107255884,0.015458755476255033,5,0.94879866620703412,0.0030226860651151374,5,0.44641342405985152,0.016678713636809745,5,0.64401634863979651,0.0081897339824260739,5,0.75018538168458715,0.0058076878433180844,5,0.51370299738732927,0.011541147570754043,5
1,manhattan,uniform,0.72808333333333342,0.0069914382163710417,5,0.38664145879782569,0.014169682151363498,5,0.39046825384147066,0.014945999988880354,5,0.8239791385209706,0.0074541306179487492,5,0.38848433806411276,0.01351825840843522,5,0.60722369618122063,0.0086976612012985392,5,0.60722369618122074,0.0086976612012985045,5,0.28592690913086583,0.0074641840851815393,5
3,manhattan,uniform,0.77224999999999999,0.0052091666000106656,5,0.48036381419358226,0.015488243445664837,5,0.35825794164266023,0.012848226009030366,5,0.88983951640703585,0.0059128098099743964,5,0.41032572322116367,0.012207513364108859,5,0.62404872902484798,0.0068136808697130359,5,0.67262698283904654,0.009363115162560838,5,0.36648808038115804,0.01155181152553319,5
5,manhattan,uniform,0.7902083333333334,0.0044852187795023039,5,0.54052802279997092,0.015482067075252076,5,0.34356459368360515,0.018330563861750172,5,0.91707202908449403,0.0039900723491621045,5,0.41997390929527489,0.017140287497080617,5,0.6303183113840497,0.0088956449245459392,5,0.69945166484425148,0.0082696882356729836,5,0.41069193478533261,0.012459542191352575,5
7,manhattan,uniform,0.79770833333333324,0.0059237780033803674,5,0.57382147518018001,0.02218807652671418,5,0.33169912192420536,0.019887506312463291,5,0.93007299027745527,0.0038114962667214702,5,0.42028639915623273,0.021014764149976009,5,0.63088605610083026,0.010598286350998416,5,0.71443596526829278,0.0087631583412614705,5,0.4349026508351887,0.013860162588726145,5
9,manhattan,uniform,0.80258333333333332,0.0063509213023693689,5,0.59904826984306825,0.025844115533297778,5,0.32491928341063309,0.019883070010827494,5,0.93825869956903019,0.004186399954877071,5,0.4212103823830301,0.022068553624859336,5,0.63158899148983161,0.010854430198901905,5,0.72344819781777026,0.005396658970425996,5,0.45263312171413927,0.012846508069351066,5
11,manhattan,uniform,0.80491666666666661,0.0059504609998815433,5,0.61248005394732918,0.02452511948725412,5,0.32115280506788357,0.017804347179213253,5,0.94232493072956935,0.0034856741624851658,5,0.42130408232320693,0.020586815814889102,5,0.63173886789872635,0.01000490099586385,5,0.72983858147427372,0.006419361935169259,5,0.4625865412139013,0.011105286637867601,5
13,manhattan,uniform,0.80683333333333329,0.0041858931411216035,5,0.62538821038171577,0.016470956517329681,5,0.31569212145738923,0.015424017811242969,5,0.94633768596193202,0.0019202344512420178,5,0.41951952594936304,0.016956991693721789,5,0.63101490370966062,0.0080812318414892094,5,0.73502144260003666,0.0066624998876799709,5,0.47072188950503924,0.013167476116296411,5
15,manhattan,uniform,0.80791666666666662,0.0044316765387880461,5,0.63381671310974563,0.017957598679558328,5,0.31135836390712668,0.01496371355231358,5,0.94895928001967889,0.0018023838851696412,5,0.41754258162916991,0.017176734169828942,5,0.63015882196340278,0.0081442460820709568,5,0.73828264825532797,0.0053531647795021751,5,0.47638522067803751,0.010808471986010855,5
17,manhattan,uniform,0.80870833333333336,0.0044351030302450644,5,0.64119858322851275,0.019523998308064946,5,0.3068378799093347,0.012895691490313631,5,0.95125981817039629,0.0023158111990604279,5,0.41503457833631768,0.015695190191018157,5,0.62904884903986547,0.0073934151385241639,5,0.74131738726066443,0.0049201306144102284,5,0.48062768843663273,0.011833819596414292,5
19,manhattan,uniform,0.80866666666666664,0.0050958691058978862,5,0.64455709785796533,0.023133631541642562,5,0.30081133706431235,0.013966163044434484,5,0.95291837329574991,0.0026580828201676582,5,0.41017647112882383,0.01759272691932761,5,0.6268648551800311,0.0082320902798400219,5,0.74286658051529808,0.0058682707069452099,5,0.48454244058726814,0.012665251414713462,5
21,manhattan,uniform,0.80904166666666666,0.0046012905798264933,5,0.64834661489658996,0.020527411818446101,5,0.29854985258905453,0.014347508786988657,5,0.95404188294223791,0.0023845993218624697,5,0.40879682113365606,0.01715778751836761,5,0.62629586776564616,0.0079814354300843989,5,0.74465770830933964,0.0056513431984766436,5,0.48829887434841046,0.012283531558314664,5
23,manhattan,uniform,0.80895833333333333,0.005396597436245266,5,0.64950667465800171,0.02669753569065917,5,0.29628996558340476,0.014733487848908077,5,0.95457674239298851,0.0037371739760177283,5,0.4068757559465343,0.018212007227658419,5,0.62543335398819655,0.0084707202508238662,5,0.74584546679132169,0.0046521084395557957,5,0.49130097705632086,0.011628526405686224,5
25,manhattan,uniform,0.81004166666666655,0.0057610853288826295,5,0.6567984970617281,0.02938917880250266,5,0.2961005766865285,0.015528572303245355,5,0.95602126501694085,0.0042615716345521673,5,0.4080893820171676,0.01918288901274065,5,0.62606092085173459,0.0089106696472178483,5,0.74714860808508876,0.0045261678237330976,5,0.49414204698668573,0.012167617906035417,5
27,manhattan,uniform,0.80995833333333334,0.0065606809648253647,5,0.65794518848688777,0.03275708096394242,5,0.29346368685335761,0.01759300553887223,5,0.95666331959157946,0.0043460067812905448,5,0.40581158977708343,0.022205843574636792,5,0.62506350322246862,0.010271704436607505,5,0.74861259023761373,0.0039720776354650461,5,0.49694962189444619,0.011534783913007999,5
29,manhattan,uniform,0.80937499999999996,0.0066585236727070233,5,0.65760729636073745,0.034835315699961247,5,0.28875416895193567,0.015534198797654723,5,0.95725186961833175,0.0048603144308578625,5,0.40123778017719391,0.020732897002023219,5,0.6230030192851338,0.0096073722376766747,5,0.74948476821926613,0.0053371788901259778,5,0.49846208384005586,0.013764329629513064,5
31,manhattan,uniform,0.80858333333333332,0.0058303563832372675,5,0.65496722741913849,0.031285776176494418,5,0.28498698062269368,0.014516518369737106,5,0.95730531692679843,0.0045141596347946329,5,0.39707402920809914,0.018649344151481239,5,0.62114614877474605,0.008589596112841132,5,0.74973431117915512,0.0050947539792266724,5,0.49944963968240319,0.012864017606391718,5
1,manhattan,distance,0.72808333333333342,0.0069914382163710417,5,0.38664145879782569,0.014169682151363498,5,0.39046825384147066,0.014945999988880354,5,0.8239791385209706,0.0074541306179487492,5,0.38848433806411276,0.01351825840843522,5,0.60722369618122063,0.0086976612012985392,5,0.60722369618122074,0.0086976612012985045,5,0.28592690913086583,0.0074641840851815393,5
3,manhattan,distance,0.7705833333333334,0.0057742544011230587,5,0.47584334106073012,0.016942788925269802,5,0.36240266528929288,0.013477536626385624,5,0.88652236322676359,0.0062323055748609241,5,0.41135388943542955,0.013266294117912284,5,0.62446251425802823,0.0074716763382283551,5,0.67295681357616333,0.008436651806128596,5,0.39728486700483012,0.014012977766470544,5
5,manhattan,distance,0.78745833333333337,0.0037395688254129103,5,0.52956550259847335,0.012206615337702443,5,0.348084900184774,0.019880113122906551,5,0.91225700614078808,0.0026234823205796361,5,0.41993691210483808,0.017844166569587962,5,0.63017095316278104,0.0093126876423348017,5,0.69891223999724317,0.006997427689713679,5,0.44317589022749893,0.013845325536613181,5
7,manhattan,distance,0.79541666666666666,0.004307515235028217,5,0.56223186067671382,0.015200089064302209,5,0.33885596326529888,0.018792682379500558,5,0.92509735352110434,0.0034540111520899122,5,0.42271984744068891,0.017770557165470061,5,0.63197665839320161,0.0090831768043183169,5,0.71281253199833672,0.007923335181852887,5,0.46368250386772497,0.015867561221494002,5
9,manhattan,distance,0.80066666666666664,0.0059006532124276914,5,0.58741261204659212,0.023624552440595935,5,0.33245224009613217,0.019832044012345836,5,0.93365749447890012,0.0049571175146608908,5,0.42442651575708207,0.020519684013755535,5,0.63305486728751625,0.010251289696163911,5,0.72192274439188464,0.0059164519266403327,5,0.4773448550785398,0.017080178686536777,5
11,manhattan,distance,0.80312499999999998,0.005925609438886632,5,0.60006889743574932,0.023988081604826069,5,0.32962915630530132,0.017418366556993341,5,0.93761670223381122,0.0039167388594537811,5,0.42544286353901456,0.019709273476825318,5,0.63362292926955632,0.009752243217062511,5,0.7283298083089963,0.0062049586437229872,5,0.4844565212148213,0.015334440458929274,5
13,manhattan,distance,0.80591666666666661,0.0050423553248677613,5,0.6165256056198769,0.021248308671034194,5,0.32435555413558259,0.015949598892014166,5,0.94269940532535534,0.0036359930928562632,5,0.42498725066591936,0.017617821464350161,5,0.63352747973046886,0.008580012270757045,5,0.73346546930856693,0.0068084857604144948,5,0.49008601918387534,0.0158527634170492,5
15,manhattan,distance,0.80758333333333332,0.0051719562976154689,5,0.62751524582041063,0.022632345292834539,5,0.32039986439257995,0.015803325075132293,5,0.94596302533803089,0.0040258878597367988,5,0.42410060676109057,0.017687111646019538,5,0.63318144486530548,0.0085356898763496707,5,0.73691659170128709,0.0057161863964742821,5,0.49342574170693243,0.01404324760165474,5
17,manhattan,distance,0.80862499999999993,0.0052963398000673723,5,0.63522099888670402,0.023172369729338577,5,0.31663356354645356,0.014092415108255606,5,0.94837068706336169,0.0031914171302313164,5,0.42258641039825262,0.017367943512257934,5,0.63250212530490757,0.0083310745216793689,5,0.74005853514309594,0.0049895238895821042,5,0.49634933437853751,0.014401897589872727,5
19,manhattan,distance,0.80920833333333331,0.004703445102617148,5,0.64136047727291756,0.021620263996929491,5,0.3119238681484085,0.012521056777702596,5,0.95045717840282273,0.0031210497091512185,5,0.41968426070194065,0.015406566828478069,5,0.63119052327561564,0.0073189787690365916,5,0.7418495504882705,0.0054358900841337734,5,0.49939634890958723,0.014929558058658036,5
21,manhattan,distance,0.80883333333333329,0.0049860917672171897,5,0.64107328582780743,0.023048750668461977,5,0.30853368264668762,0.013087059393123117,5,0.95093869071409176,0.0032069982896495491,5,0.41654733737038646,0.016328172401957174,5,0.62973618668038978,0.0077301111604439181,5,0.74375505489293148,0.0051778017208137864,5,0.50217438032677175,0.014933181597383759,5
23,manhattan,distance,0.80879166666666669,0.0054534010794488079,5,0.64271664600131806,0.026292933975171053,5,0.30551978998599549,0.014078155200862068,5,0.95174114445355029,0.003902455661197513,5,0.41410685210023546,0.017513742367747602,5,0.628630467219773,0.0082732621962307989,5,0.7450618656933079,0.0042282924773040095,5,0.50382214075553555,0.014672656815347703,5
25,manhattan,distance,0.80995833333333334,0.0056354070394249332,5,0.64957636384164552,0.026472964337591658,5,0.30589643782027048,0.015668006899205444,5,0.95313221976903617,0.0036888749886391562,5,0.41586411466868034,0.019102685257527507,5,0.6295143287946533,0.0089951651648907203,5,0.74652599221214233,0.0042246091411454146,5,0.50607989596861269,0.014980887833817777,5
27,manhattan,distance,0.81004166666666655,0.0057459980034416771,5,0.65318282881153267,0.028642287954393799,5,0.3013750663393629,0.015169085085896599,5,0.95452322353524688,0.0041657068617263274,5,0.41237147813910868,0.018837512579001306,5,0.62794914493730492,0.0088117477215143535,5,0.74778166092580878,0.003989479596069434,5,0.50775599879435174,0.014294292678313766,5
29,manhattan,distance,0.8091666666666667,0.0060380736442456028,5,0.65052793092951045,0.030485108824513801,5,0.2970425512654622,0.016568501107998245,5,0.95463018970145497,0.0046321541703686648,5,0.40773258320528105,0.020033358341152743,5,0.62583637048345853,0.0093794776447253415,5,0.74865983785737078,0.0050378279609362957,5,0.50854894691305463,0.015651843564981633,5
31,manhattan,distance,0.80879166666666669,0.0057365482749743594,5,0.65066890874458405,0.029966628650994691,5,0.29327536293622014,0.014575728269021374,5,0.95521872541835218,0.0045892635883569861,5,0.40421487643290011,0.018179557168160224,5,0.62424704417728616,0.0084844990145083021,5,0.7492782718796055,0.0047664634154040708,5,0.50936982999901903,0.01526793931461309,5
