stage,outer_fold,inner_fold,configuration_id,row_type,validation_rows,average_precision,roc_auc,oof_average_precision,oof_roc_auc,selected_threshold,accuracy,precision,recall,specificity,f1,balanced_accuracy,TP,TN,FP,FN,predicted_positive_rate,k,selected
1,1,1,k13__money-standard__pay-raw__blocks-none__payw-1,fold,6400,0.47404925979167112,0.7262743604392814,,,,,,,,,,,,,,,,
1,1,1,k19__money-standard__pay-raw__blocks-none__payw-1,fold,6400,0.48253636633498292,0.73063322405709563,,,,,,,,,,,,,,,,
1,1,1,k25__money-standard__pay-raw__blocks-none__payw-1,fold,6400,0.48495705556788471,0.73121439170316771,,,,,,,,,,,,,,,,
1,1,1,k31__money-standard__pay-raw__blocks-none__payw-1,fold,6400,0.49039248445250028,0.73481928895629856,,,,,,,,,,,,,,,,
1,1,1,k35__money-standard__pay-raw__blocks-none__payw-1,fold,6400,0.49450357562469682,0.73707056082288192,,,,,,,,,,,,,,,,
1,1,1,k51__money-standard__pay-raw__blocks-none__payw-1,fold,6400,0.4986298336924041,0.7394548855773504,,,,,,,,,,,,,,,,
1,1,1,k75__money-standard__pay-raw__blocks-none__payw-1,fold,6400,0.49981576848427611,0.74226918795512864,,,,,,,,,,,,,,,,
1,1,1,k101__money-standard__pay-raw__blocks-none__payw-1,fold,6400,0.49823988699303712,0.74332461333895572,,,,,,,,,,,,,,,,
1,1,2,k13__money-standard__pay-raw__blocks-none__payw-1,fold,6400,0.50001135194694135,0.74405980493511426,,,,,,,,,,,,,,,,
1,1,2,k19__money-standard__pay-raw__blocks-none__payw-1,fold,6400,0.51524172300102045,0.74677761208749327,,,,,,,,,,,,,,,,
1,1,2,k25__money-standard__pay-raw__blocks-none__payw-1,fold,6400,0.52388850535889997,0.75296251677684956,,,,,,,,,,,,,,,,
1,1,2,k31__money-standard__pay-raw__blocks-none__payw-1,fold,6400,0.52352175154840541,0.75476942883895115,,,,,,,,,,,,,,,,
1,1,2,k35__money-standard__pay-raw__blocks-none__payw-1,fold,6400,0.52326492152618187,0.75382615612899107,,,,,,,,,,,,,,,,
1,1,2,k51__money-standard__pay-raw__blocks-none__payw-1,fold,6400,0.52446931472145297,0.75859331782608286,,,,,,,,,,,,,,,,
1,1,2,k75__money-standard__pay-raw__blocks-none__payw-1,fold,6400,0.52265656919186476,0.76060979881383117,,,,,,,,,,,,,,,,
1,1,2,k101__money-standard__pay-raw__blocks-none__payw-1,fold,6400,0.52376615665704196,0.76275068921112532,,,,,,,,,,,,,,,,
1,1,3,k13__money-standard__pay-raw__blocks-none__payw-1,fold,6400,0.49830089914221171,0.7353164085897268,,,,,,,,,,,,,,,,
1,1,3,k19__money-standard__pay-raw__blocks-none__payw-1,fold,6400,0.51365559629924207,0.74595227378247797,,,,,,,,,,,,,,,,
1,1,3,k25__money-standard__pay-raw__blocks-none__payw-1,fold,6400,0.52171617762627931,0.75221140453161595,,,,,,,,,,,,,,,,
1,1,3,k31__money-standard__pay-raw__blocks-none__payw-1,fold,6400,0.52854351894849605,0.75575142388295624,,,,,,,,,,,,,,,,
1,1,3,k35__money-standard__pay-raw__blocks-none__payw-1,fold,6400,0.52931333554387605,0.75783350050150444,,,,,,,,,,,,,,,,
1,1,3,k51__money-standard__pay-raw__blocks-none__payw-1,fold,6400,0.53295201260556446,0.76253452938320265,,,,,,,,,,,,,,,,
1,1,3,k75__money-standard__pay-raw__blocks-none__payw-1,fold,6400,0.53085686518173125,0.76228104809127006,,,,,,,,,,,,,,,,
1,1,3,k101__money-standard__pay-raw__blocks-none__payw-1,fold,6400,0.52864659791226565,0.76218684321515784,,,,,,,,,,,,,,,,
1,1,0,k13__money-standard__pay-raw__blocks-none__payw-1,summary,19200,0.49078717029360802,0.73521685798804093,0.490278774982848,0.7351692787782379,0.31216460383358108,0.77192708333333315,0.48532028469750882,0.51377442900871195,0.84524844512806785,0.49914217087956081,0.67951143706839001,2182,12639,2314,2065,0.23416666666666661,13,False
1,1,0,k19__money-standard__pay-raw__blocks-none__payw-1,summary,19200,0.50381122854508176,0.74112103664235585,0.50287810585413462,0.7410390087984815,0.29297094435587873,0.77604166666666663,0.4941565600882028,0.52766658817989165,0.84658596937069475,0.51036210430425855,0.6871262787752932,2241,12659,2294,2006,0.23619791666666651,19,False
1,1,0,k25__money-standard__pay-raw__blocks-none__payw-1,summary,19200,0.51018724618435474,0.74546277100387792,0.50915021999967625,0.74533506139659855,0.27420273117945831,0.77406249999999976,0.4903376513060097,0.54367789027548863,0.83949709088477231,0.51563197856185794,0.69158749058013025,2309,12553,2400,1938,0.24526041666666651,25,False
1,1,0,k31__money-standard__pay-raw__blocks-none__payw-1,summary,19200,0.5141525849831341,0.74844671389273543,0.51326434048418523,0.74830767517044317,0.28119105459551502,0.78348958333333307,0.51028336380255945,0.52578290558040974,0.85668427740252795,0.51791719819088466,0.6912335914914689,2233,12810,2143,2014,0.2279166666666666,31,False
1,1,0,k35__money-standard__pay-raw__blocks-none__payw-1,summary,19200,0.51569394423158477,0.74957673915112566,0.51490709508969612,0.74944773586229874,0.29157044595926301,0.79031249999999975,0.52680087315061852,0.51141982575935951,0.86952451013174614,0.51899641577060907,0.69047216794555255,2172,13002,1951,2075,0.21473958333333321,35,False
1,1,0,k51__money-standard__pay-raw__blocks-none__payw-1,summary,19200,0.51868372033980725,0.75352757759554534,0.51755005043274305,0.75330925054850861,0.25200174662759878,0.77869791666666655,0.4997845756139595,0.54626795384977633,0.84471343543101696,0.52199347508156135,0.6954906946403967,2320,12631,2322,1927,0.2417708333333333,51,True
1,1,0,k75__money-standard__pay-raw__blocks-none__payw-1,summary,19200,0.51777640095262412,0.75505334495341003,0.51646117479776721,0.75482575172240085,0.26719867269106012,0.79401041666666672,0.53617443012884025,0.50953614315987761,0.87480773089012243,0.52251599661958215,0.69217193702500002,2164,13081,1872,2083,0.2102083333333333,75,False
1,1,0,k101__money-standard__pay-raw__blocks-none__payw-1,summary,19200,0.51688421385411487,0.75608738192174607,0.51565040411472995,0.7557699471529904,0.2455987433804592,0.78838541666666662,0.52137546468401486,0.52837296915469745,0.86223500300942935,0.5248508946322068,0.69530398608206345,2244,12893,2060,2003,0.2241666666666666,101,False
1,2,1,k13__money-standard__pay-raw__blocks-none__payw-1,fold,6400,0.48394824427913091,0.73279296007109762,,,,,,,,,,,,,,,,
1,2,1,k19__money-standard__pay-raw__blocks-none__payw-1,fold,6400,0.495909331216004,0.7355537012224429,,,,,,,,,,,,,,,,
1,2,1,k25__money-standard__pay-raw__blocks-none__payw-1,fold,6400,0.50057880369064756,0.74349840393213085,,,,,,,,,,,,,,,,
1,2,1,k31__money-standard__pay-raw__blocks-none__payw-1,fold,6400,0.50403334024188551,0.74544630387862632,,,,,,,,,,,,,,,,
1,2,1,k35__money-standard__pay-raw__blocks-none__payw-1,fold,6400,0.50486615411730584,0.74607345199553832,,,,,,,,,,,,,,,,
1,2,1,k51__money-standard__pay-raw__blocks-none__payw-1,fold,6400,0.50798348332010812,0.75041672901306755,,,,,,,,,,,,,,,,
1,2,1,k75__money-standard__pay-raw__blocks-none__payw-1,fold,6400,0.51034843162711663,0.75536561629984322,,,,,,,,,,,,,,,,
1,2,1,k101__money-standard__pay-raw__blocks-none__payw-1,fold,6400,0.51091221394664976,0.75918447506597375,,,,,,,,,,,,,,,,
1,2,2,k13__money-standard__pay-raw__blocks-none__payw-1,fold,6400,0.49280472682582782,0.73803005776677455,,,,,,,,,,,,,,,,
1,2,2,k19__money-standard__pay-raw__blocks-none__payw-1,fold,6400,0.50841495969529416,0.74322004142068165,,,,,,,,,,,,,,,,
1,2,2,k25__money-standard__pay-raw__blocks-none__payw-1,fold,6400,0.50692573720003586,0.74713674152769094,,,,,,,,,,,,,,,,
1,2,2,k31__money-standard__pay-raw__blocks-none__payw-1,fold,6400,0.51083525422362364,0.75160286929473752,,,,,,,,,,,,,,,,
1,2,2,k35__money-standard__pay-raw__blocks-none__payw-1,fold,6400,0.51319808582070225,0.75278709667546306,,,,,,,,,,,,,,,,
1,2,2,k51__money-standard__pay-raw__blocks-none__payw-1,fold,6400,0.51741022495952427,0.75566289527618324,,,,,,,,,,,,,,,,
1,2,2,k75__money-standard__pay-raw__blocks-none__payw-1,fold,6400,0.51739052069500091,0.75867323457663394,,,,,,,,,,,,,,,,
1,2,2,k101__money-standard__pay-raw__blocks-none__payw-1,fold,6400,0.51541466254425283,0.75780520263713935,,,,,,,,,,,,,,,,
1,2,3,k13__money-standard__pay-raw__blocks-none__payw-1,fold,6400,0.47242023046386611,0.71781429092932503,,,,,,,,,,,,,,,,
1,2,3,k19__money-standard__pay-raw__blocks-none__payw-1,fold,6400,0.49002602564881481,0.72572856378322226,,,,,,,,,,,,,,,,
1,2,3,k25__money-standard__pay-raw__blocks-none__payw-1,fold,6400,0.49730212236036242,0.73149256958153586,,,,,,,,,,,,,,,,
1,2,3,k31__money-standard__pay-raw__blocks-none__payw-1,fold,6400,0.5013763517675911,0.73281278464368371,,,,,,,,,,,,,,,,
1,2,3,k35__money-standard__pay-raw__blocks-none__payw-1,fold,6400,0.50470385853601174,0.73307470113520745,,,,,,,,,,,,,,,,
1,2,3,k51__money-standard__pay-raw__blocks-none__payw-1,fold,6400,0.50943901496106825,0.74007421557960085,,,,,,,,,,,,,,,,
1,2,3,k75__money-standard__pay-raw__blocks-none__payw-1,fold,6400,0.51226167209165951,0.74483627561128596,,,,,,,,,,,,,,,,
1,2,3,k101__money-standard__pay-raw__blocks-none__payw-1,fold,6400,0.51333604828200685,0.74762761783583964,,,,,,,,,,,,,,,,
1,2,0,k13__money-standard__pay-raw__blocks-none__payw-1,summary,19200,0.4830577338562751,0.72954576958906581,0.4823570077262842,0.72938118749634961,0.31383851385773343,0.76973958333333325,0.48110338835794952,0.52154461973157495,0.84023272921821712,0.50050841712800787,0.68088867447489587,2215,12564,2389,2032,0.2397916666666666,13,False
1,2,0,k19__money-standard__pay-raw__blocks-none__payw-1,summary,19200,0.4981167721867043,0.73483410214211575,0.49698549081275017,0.73466938421023165,0.30270670499151298,0.77239583333333306,0.48662170981074598,0.5267247468801507,0.84217213937002611,0.5058796924468566,0.68444844312508835,2237,12593,2360,2010,0.23942708333333321,19,False
1,2,0,k25__money-standard__pay-raw__blocks-none__payw-1,summary,19200,0.50160222108368202,0.74070923834711921,0.50020749229845807,0.7404897798361717,0.28777345694719342,0.77515624999999977,0.49233128834355822,0.52907935012950313,0.84504781649167393,0.51004426285325155,0.68706358331058826,2247,12636,2317,2000,0.2377083333333333,25,False
1,2,0,k31__money-standard__pay-raw__blocks-none__payw-1,summary,19200,0.50541498207769986,0.74328731927234915,0.5039545962773726,0.74300702282110165,0.28930170727553672,0.78046875000000004,0.50363801728058211,0.52154461973157495,0.85400922891727415,0.51243493348756486,0.68777692432442472,2215,12770,2183,2032,0.2290625,31,False
1,2,0,k35__money-standard__pay-raw__blocks-none__payw-1,summary,19200,0.50758936615800665,0.74397841660206965,0.50565792946063981,0.74364914153508632,0.270957864480254,0.77276041666666662,0.48765432098765432,0.53943960442665395,0.83902895739985284,0.5122414756847401,0.68923428091325345,2291,12546,2407,1956,0.2446875,35,False
1,2,0,k51__money-standard__pay-raw__blocks-none__payw-1,summary,19200,0.51161090774690032,0.74871794662295055,0.50963235695018605,0.74837788968183805,0.26905271138015641,0.77942708333333333,0.50134048257372654,0.52837296915469745,0.85073229452283805,0.51450189155107184,0.68955263183876792,2244,12721,2232,2003,0.233125,51,False
1,2,0,k75__money-standard__pay-raw__blocks-none__payw-1,summary,19200,0.51333354147125876,0.75295837549592104,0.51110666032858476,0.75249324895897396,0.26079151387584443,0.78390625000000003,0.51116681859617141,0.52813750882976196,0.85655052497826523,0.51951360741169661,0.6923440169040137,2243,12808,2145,2004,0.2285416666666665,75,True
1,2,0,k101__money-standard__pay-raw__blocks-none__payw-1,summary,19200,0.5132209749243033,0.75487243184631736,0.51094944709828194,0.75443735949913293,0.25415625185691171,0.78796875,0.52057035998129964,0.52437014363079815,0.86283688891861166,0.5224633431085044,0.69360351627470485,2227,12902,2051,2020,0.2228125,101,False
1,3,1,k13__money-standard__pay-raw__blocks-none__payw-1,fold,6400,0.48058579205664592,0.72987210202591801,,,,,,,,,,,,,,,,
1,3,1,k19__money-standard__pay-raw__blocks-none__payw-1,fold,6400,0.49567400920990368,0.73881002541466023,,,,,,,,,,,,,,,,
1,3,1,k25__money-standard__pay-raw__blocks-none__payw-1,fold,6400,0.5000028481654718,0.74322287534800613,,,,,,,,,,,,,,,,
1,3,1,k31__money-standard__pay-raw__blocks-none__payw-1,fold,6400,0.5021109284880505,0.7433795915290512,,,,,,,,,,,,,,,,
1,3,1,k35__money-standard__pay-raw__blocks-none__payw-1,fold,6400,0.50242259780574183,0.74658717217128712,,,,,,,,,,,,,,,,
1,3,1,k51__money-standard__pay-raw__blocks-none__payw-1,fold,6400,0.51153277005196851,0.75154867043465645,,,,,,,,,,,,,,,,
1,3,1,k75__money-standard__pay-raw__blocks-none__payw-1,fold,6400,0.5151450740499377,0.75398946119106547,,,,,,,,,,,,,,,,
1,3,1,k101__money-standard__pay-raw__blocks-none__payw-1,fold,6400,0.51478010423262621,0.75470070610133222,,,,,,,,,,,,,,,,
1,3,2,k13__money-standard__pay-raw__blocks-none__payw-1,fold,6400,0.48614447371402408,0.73587974456112637,,,,,,,,,,,,,,,,
1,3,2,k19__money-standard__pay-raw__blocks-none__payw-1,fold,6400,0.4977319291300209,0.7414088784675934,,,,,,,,,,,,,,,,
1,3,2,k25__money-standard__pay-raw__blocks-none__payw-1,fold,6400,0.5023345302613067,0.74504565740312501,,,,,,,,,,,,,,,,
1,3,2,k31__money-standard__pay-raw__blocks-none__payw-1,fold,6400,0.50337026986693134,0.74549554336588952,,,,,,,,,,,,,,,,
1,3,2,k35__money-standard__pay-raw__blocks-none__payw-1,fold,6400,0.504450389799314,0.74573911941943005,,,,,,,,,,,,,,,,
1,3,2,k51__money-standard__pay-raw__blocks-none__payw-1,fold,6400,0.50791736809854704,0.74830481552266692,,,,,,,,,,,,,,,,
1,3,2,k75__money-standard__pay-raw__blocks-none__payw-1,fold,6400,0.51264221657265652,0.75218885461726115,,,,,,,,,,,,,,,,
1,3,2,k101__money-standard__pay-raw__blocks-none__payw-1,fold,6400,0.513708106975719,0.75435340830771436,,,,,,,,,,,,,,,,
1,3,3,k13__money-standard__pay-raw__blocks-none__payw-1,fold,6400,0.48233330248230671,0.73444800833596191,,,,,,,,,,,,,,,,
1,3,3,k19__money-standard__pay-raw__blocks-none__payw-1,fold,6400,0.4953055207086115,0.73896955885323812,,,,,,,,,,,,,,,,
1,3,3,k25__money-standard__pay-raw__blocks-none__payw-1,fold,6400,0.50371098612919663,0.74599260679565194,,,,,,,,,,,,,,,,
1,3,3,k31__money-standard__pay-raw__blocks-none__payw-1,fold,6400,0.50589780080992697,0.74702630860780195,,,,,,,,,,,,,,,,
1,3,3,k35__money-standard__pay-raw__blocks-none__payw-1,fold,6400,0.50777330107307062,0.74640819986461127,,,,,,,,,,,,,,,,
1,3,3,k51__money-standard__pay-raw__blocks-none__payw-1,fold,6400,0.50879680513357306,0.74933812036817171,,,,,,,,,,,,,,,,
1,3,3,k75__money-standard__pay-raw__blocks-none__payw-1,fold,6400,0.51124054875525382,0.75136767192035436,,,,,,,,,,,,,,,,
1,3,3,k101__money-standard__pay-raw__blocks-none__payw-1,fold,6400,0.51118918280075043,0.75516875715485665,,,,,,,,,,,,,,,,
1,3,0,k13__money-standard__pay-raw__blocks-none__payw-1,summary,19200,0.48302118941765892,0.73339995164100225,0.4823783741436159,0.73333865466634163,0.29876123346321082,0.75531250000000005,0.45501695591462182,0.53708500117730162,0.81729418845716584,0.49265658747300212,0.67718959481723373,2281,12221,2732,1966,0.26109375000000001,13,False
1,3,0,k19__money-standard__pay-raw__blocks-none__payw-1,summary,19200,0.49623715301617871,0.73972948757849721,0.49597323779166741,0.7396302622560027,0.27477313697641192,0.75994791666666661,0.4640444974175606,0.55003531904874015,0.81956797966963135,0.50339403081564482,0.68480164935918575,2336,12255,2698,1911,0.26218750000000002,19,False
1,3,0,k25__money-standard__pay-raw__blocks-none__payw-1,summary,19200,0.50201612151865815,0.74475371318226102,0.50134015601066362,0.74467704639437615,0.29126341598228478,0.77713541666666663,0.49638172772501132,0.5168354132328703,0.85106667558349491,0.50640212250547934,0.68395104440818255,2195,12726,2227,2052,0.2303125,25,False
1,3,0,k31__money-standard__pay-raw__blocks-none__payw-1,summary,19200,0.50379299972163616,0.74530048116758085,0.50325125729266507,0.7451682015468577,0.30510060313623172,0.78838541666666662,0.52268244575936884,0.49917588886272662,0.87052765331371607,0.51065879802481007,0.68485177108822126,2120,13017,1936,2127,0.21124999999999991,31,False
1,3,0,k35__money-standard__pay-raw__blocks-none__payw-1,summary,19200,0.50488209622604197,0.74624483048510937,0.50445868712687525,0.74609110744629525,0.2906702527792055,0.78442708333333333,0.5127719962157048,0.51047798445961845,0.86223500300942935,0.51162241887905602,0.68635649373452412,2168,12893,2060,2079,0.22020833333333331,35,False
1,3,0,k51__money-standard__pay-raw__blocks-none__payw-1,summary,19200,0.50941564776136294,0.74973053544183155,0.50846178723705893,0.74947549728494711,0.27241863469739741,0.78494791666666663,0.51374010246856083,0.519425476807158,0.86036246906975167,0.51656714670413295,0.689893972938455,2206,12865,2088,2041,0.22364583333333321,51,False
1,3,0,k75__money-standard__pay-raw__blocks-none__payw-1,summary,19200,0.51300927979261601,0.75251532924289355,0.51203326115520342,0.75225260009815542,0.2651215340129402,0.79010416666666672,0.5260379169666427,0.5161290322580645,0.86791948104059391,0.52103636795816477,0.69202425664932921,2192,12978,1975,2055,0.21703125000000001,75,False
1,3,0,k101__money-standard__pay-raw__blocks-none__payw-1,summary,19200,0.51322579800303192,0.75474095718796785,0.51210130797204645,0.75442857284352427,0.26375464146970301,0.79442708333333334,0.53753753753753752,0.50576877796091335,0.87641275998127455,0.52116947713211215,0.69109076897109412,2148,13105,1848,2099,0.208125,101,True
1,4,1,k13__money-standard__pay-raw__blocks-none__payw-1,fold,6400,0.50256325725795015,0.73592097820369795,,,,,,,,,,,,,,,,
1,4,1,k19__money-standard__pay-raw__blocks-none__payw-1,fold,6400,0.51393758852668825,0.74356053778872055,,,,,,,,,,,,,,,,
1,4,1,k25__money-standard__pay-raw__blocks-none__payw-1,fold,6400,0.51867092502884415,0.74725229491434741,,,,,,,,,,,,,,,,
1,4,1,k31__money-standard__pay-raw__blocks-none__payw-1,fold,6400,0.52375367748770685,0.74974246685438595,,,,,,,,,,,,,,,,
1,4,1,k35__money-standard__pay-raw__blocks-none__payw-1,fold,6400,0.52436865895318996,0.75027156108587034,,,,,,,,,,,,,,,,
1,4,1,k51__money-standard__pay-raw__blocks-none__payw-1,fold,6400,0.52587365165097477,0.75261266844864005,,,,,,,,,,,,,,,,
1,4,1,k75__money-standard__pay-raw__blocks-none__payw-1,fold,6400,0.52439663348981647,0.75413009483454385,,,,,,,,,,,,,,,,
1,4,1,k101__money-standard__pay-raw__blocks-none__payw-1,fold,6400,0.52342774974756401,0.75704138837500345,,,,,,,,,,,,,,,,
1,4,2,k13__money-standard__pay-raw__blocks-none__payw-1,fold,6400,0.4856526415799427,0.73342754724723636,,,,,,,,,,,,,,,,
1,4,2,k19__money-standard__pay-raw__blocks-none__payw-1,fold,6400,0.49500772457176151,0.74136530683497925,,,,,,,,,,,,,,,,
1,4,2,k25__money-standard__pay-raw__blocks-none__payw-1,fold,6400,0.5010372359811448,0.74673021465299105,,,,,,,,,,,,,,,,
1,4,2,k31__money-standard__pay-raw__blocks-none__payw-1,fold,6400,0.50536082006286143,0.74701105685084923,,,,,,,,,,,,,,,,
1,4,2,k35__money-standard__pay-raw__blocks-none__payw-1,fold,6400,0.50720516522590575,0.74853925216058625,,,,,,,,,,,,,,,,
1,4,2,k51__money-standard__pay-raw__blocks-none__payw-1,fold,6400,0.50964690574395211,0.74923101382049673,,,,,,,,,,,,,,,,
1,4,2,k75__money-standard__pay-raw__blocks-none__payw-1,fold,6400,0.51056111614983457,0.75565340161964623,,,,,,,,,,,,,,,,
1,4,2,k101__money-standard__pay-raw__blocks-none__payw-1,fold,6400,0.51128567992274654,0.75701127789718026,,,,,,,,,,,,,,,,
1,4,3,k13__money-standard__pay-raw__blocks-none__payw-1,fold,6400,0.50684642216620102,0.73783803707943596,,,,,,,,,,,,,,,,
1,4,3,k19__money-standard__pay-raw__blocks-none__payw-1,fold,6400,0.51567960833412596,0.74387891589964217,,,,,,,,,,,,,,,,
1,4,3,k25__money-standard__pay-raw__blocks-none__payw-1,fold,6400,0.52249134815606757,0.74933578119517574,,,,,,,,,,,,,,,,
1,4,3,k31__money-standard__pay-raw__blocks-none__payw-1,fold,6400,0.52246592945252812,0.74890119120612697,,,,,,,,,,,,,,,,
1,4,3,k35__money-standard__pay-raw__blocks-none__payw-1,fold,6400,0.5226561376249933,0.74873142395384007,,,,,,,,,,,,,,,,
1,4,3,k51__money-standard__pay-raw__blocks-none__payw-1,fold,6400,0.5243422896556823,0.74931798930359983,,,,,,,,,,,,,,,,
1,4,3,k75__money-standard__pay-raw__blocks-none__payw-1,fold,6400,0.5219125906960892,0.7531633770569659,,,,,,,,,,,,,,,,
1,4,3,k101__money-standard__pay-raw__blocks-none__payw-1,fold,6400,0.51908770548059202,0.75295348944359575,,,,,,,,,,,,,,,,
1,4,0,k13__money-standard__pay-raw__blocks-none__payw-1,summary,19200,0.49835410700136462,0.73572885417679024,0.49740345785594342,0.73570655599931656,0.29827125150983408,0.76343749999999977,0.4697311717627744,0.53896868377678364,0.82719186785260457,0.50197368421052635,0.68308027581469422,2289,12369,2584,1958,0.25380208333333332,13,False
1,4,0,k19__money-standard__pay-raw__blocks-none__payw-1,summary,19200,0.50820830714419185,0.7429349201744474,0.50691196675977701,0.74282929775205997,0.31308718752054032,0.78531249999999975,0.51510026576467727,0.50200141276194965,0.86577944225239056,0.50846649177200076,0.68389042750717022,2132,12946,2007,2115,0.2155729166666665,19,False
1,4,0,k25__money-standard__pay-raw__blocks-none__payw-1,summary,19200,0.51406650305535206,0.74777276358750455,0.51278355489534333,0.7477181819099421,0.29340013641533291,0.78557291666666662,0.51529411764705857,0.51565811160819375,0.86223500300942935,0.51547605037071886,0.68894655730881182,2190,12893,2060,2057,0.2213541666666666,25,False
1,4,0,k31__money-standard__pay-raw__blocks-none__payw-1,summary,19200,0.5171934756676988,0.74855157163712072,0.51607653592003921,0.7484489860081327,0.28717364518576621,0.78614583333333332,0.51641443538998832,0.52225100070638075,0.8610981074031967,0.51931631936314682,0.69167455405478884,2218,12876,2077,2029,0.22369791666666661,31,False
1,4,0,k35__money-standard__pay-raw__blocks-none__payw-1,summary,19200,0.51807665393469615,0.7491807457334323,0.51688504610453656,0.74906061912129607,0.27455404945214767,0.78421874999999985,0.51179138321995465,0.53143395337885546,0.85601551528121445,0.52142774633244771,0.69372473433003501,2257,12800,2153,1990,0.22968749999999991,35,False
1,4,0,k51__money-standard__pay-raw__blocks-none__payw-1,summary,19200,0.51995428235020313,0.75038722385757894,0.51875086295256845,0.75024584133337591,0.25702085914378192,0.78270833333333334,0.50838738537239991,0.53520131857781961,0.8530060857353039,0.52144987382427155,0.6941037021565617,2273,12755,2198,1974,0.23286458333333321,51,True
1,4,0,k75__money-standard__pay-raw__blocks-none__payw-1,summary,19200,0.5189567801119136,0.7543156245037187,0.5176966273295811,0.75422619632402543,0.25092425517101702,0.78812499999999985,0.52070321535970365,0.5300211914292442,0.86143248846385345,0.52532088681446887,0.69572683994654883,2251,12881,2072,1996,0.22515625,75,False
1,4,0,k101__money-standard__pay-raw__blocks-none__payw-1,summary,19200,0.51793371171696745,0.75566871857192652,0.51670968359038105,0.75559497775551054,0.24329915064200741,0.79026041666666647,0.52578527894983595,0.52813750882976196,0.86470942285828933,0.52695876894161875,0.69642346584402581,2243,12930,2023,2004,0.22218750000000001,101,False
1,5,1,k13__money-standard__pay-raw__blocks-none__payw-1,fold,6400,0.47708122463716413,0.7270385997905161,,,,,,,,,,,,,,,,
1,5,1,k19__money-standard__pay-raw__blocks-none__payw-1,fold,6400,0.48944282558699781,0.73232862107897811,,,,,,,,,,,,,,,,
1,5,1,k25__money-standard__pay-raw__blocks-none__payw-1,fold,6400,0.50319766433989221,0.73839230452702875,,,,,,,,,,,,,,,,
1,5,1,k31__money-standard__pay-raw__blocks-none__payw-1,fold,6400,0.50314084581811014,0.73912104893852415,,,,,,,,,,,,,,,,
1,5,1,k35__money-standard__pay-raw__blocks-none__payw-1,fold,6400,0.50370695328589754,0.73897906917956657,,,,,,,,,,,,,,,,
1,5,1,k51__money-standard__pay-raw__blocks-none__payw-1,fold,6400,0.51070447743917025,0.74354105453836461,,,,,,,,,,,,,,,,
1,5,1,k75__money-standard__pay-raw__blocks-none__payw-1,fold,6400,0.51385428760354335,0.7466775744529387,,,,,,,,,,,,,,,,
1,5,1,k101__money-standard__pay-raw__blocks-none__payw-1,fold,6400,0.51143712215528736,0.74709855435699313,,,,,,,,,,,,,,,,
1,5,2,k13__money-standard__pay-raw__blocks-none__payw-1,fold,6400,0.49035006238780682,0.73081544558406086,,,,,,,,,,,,,,,,
1,5,2,k19__money-standard__pay-raw__blocks-none__payw-1,fold,6400,0.4957277536885108,0.73359078146112755,,,,,,,,,,,,,,,,
1,5,2,k25__money-standard__pay-raw__blocks-none__payw-1,fold,6400,0.4999540733248542,0.73651652803094192,,,,,,,,,,,,,,,,
1,5,2,k31__money-standard__pay-raw__blocks-none__payw-1,fold,6400,0.50368314398723513,0.74033850411712954,,,,,,,,,,,,,,,,
1,5,2,k35__money-standard__pay-raw__blocks-none__payw-1,fold,6400,0.50375462092689793,0.74297575688530981,,,,,,,,,,,,,,,,
1,5,2,k51__money-standard__pay-raw__blocks-none__payw-1,fold,6400,0.50356231510178284,0.7475295238548666,,,,,,,,,,,,,,,,
1,5,2,k75__money-standard__pay-raw__blocks-none__payw-1,fold,6400,0.5060116697602165,0.75016146300931341,,,,,,,,,,,,,,,,
1,5,2,k101__money-standard__pay-raw__blocks-none__payw-1,fold,6400,0.50232104981984294,0.75053483293431633,,,,,,,,,,,,,,,,
1,5,3,k13__money-standard__pay-raw__blocks-none__payw-1,fold,6400,0.51111918764253772,0.74739987167977073,,,,,,,,,,,,,,,,
1,5,3,k19__money-standard__pay-raw__blocks-none__payw-1,fold,6400,0.51965945068362251,0.75418245164186415,,,,,,,,,,,,,,,,
1,5,3,k25__money-standard__pay-raw__blocks-none__payw-1,fold,6400,0.52206618218890455,0.75837553051119522,,,,,,,,,,,,,,,,
1,5,3,k31__money-standard__pay-raw__blocks-none__payw-1,fold,6400,0.52663883401689682,0.76251972413417834,,,,,,,,,,,,,,,,
1,5,3,k35__money-standard__pay-raw__blocks-none__payw-1,fold,6400,0.52719191168448343,0.7633420589955654,,,,,,,,,,,,,,,,
1,5,3,k51__money-standard__pay-raw__blocks-none__payw-1,fold,6400,0.53339337184107405,0.76869456838153283,,,,,,,,,,,,,,,,
1,5,3,k75__money-standard__pay-raw__blocks-none__payw-1,fold,6400,0.53126668178358705,0.76888862155507776,,,,,,,,,,,,,,,,
1,5,3,k101__money-standard__pay-raw__blocks-none__payw-1,fold,6400,0.53231619032121125,0.77188890041352665,,,,,,,,,,,,,,,,
1,5,0,k13__money-standard__pay-raw__blocks-none__payw-1,summary,19200,0.492850158222503,0.73508463901811594,0.49155312336034562,0.73498735659068215,0.31940538295513288,0.77583333333333315,0.49359853680841331,0.5082391713747646,0.85185928303905833,0.50081187659475745,0.68004922720691141,2159,12737,2215,2089,0.2278125,13,False
1,5,0,k19__money-standard__pay-raw__blocks-none__payw-1,summary,19200,0.50161000998637695,0.74003395139398975,0.50046419636830175,0.73982513818229623,0.30939367611002461,0.77812499999999984,0.49863512283894451,0.51600753295668544,0.85259497057249845,0.50717260527533525,0.68430125176459211,2192,12748,2204,2056,0.22895833333333321,19,False
1,5,0,k25__money-standard__pay-raw__blocks-none__payw-1,summary,19200,0.50840597328455017,0.74442812102305533,0.50724166638237655,0.7441900317676956,0.2940943888822265,0.78114583333333332,0.50519891500904135,0.52612994350282483,0.85359818084537165,0.51545202952029523,0.68986406217409835,2235,12763,2189,2013,0.2304166666666666,25,False
1,5,0,k31__money-standard__pay-raw__blocks-none__payw-1,summary,19200,0.51115427460741403,0.74732642572994401,0.50938000128798722,0.74709713739333095,0.2757562502316504,0.77755208333333325,0.4975081256771397,0.54048964218455742,0.8449036918138042,0.51810899244048292,0.69269666699918075,2296,12633,2319,1952,0.2403645833333333,31,False
1,5,0,k35__money-standard__pay-raw__blocks-none__payw-1,summary,19200,0.51155116196575945,0.7484322950201473,0.50986581331664205,0.74817224282802264,0.28355907223688481,0.78510416666666671,0.51402298850574712,0.52636534839924665,0.85861423220973765,0.5201209583624099,0.69248979030449231,2236,12838,2114,2012,0.2265625,35,False
1,5,0,k51__money-standard__pay-raw__blocks-none__payw-1,summary,19200,0.51588672146067571,0.75325504892492134,0.51390421989085633,0.75292614804285185,0.26165007213765551,0.78255208333333315,0.50809492126857392,0.5393126177024482,0.85165864098448363,0.52323855201553016,0.69548562934346592,2291,12734,2218,1957,0.23484374999999991,51,False
1,5,0,k75__money-standard__pay-raw__blocks-none__payw-1,summary,19200,0.51704421304911563,0.7552425530057767,0.51523269547943795,0.75486109851587835,0.26816789093241722,0.7934895833333333,0.53447015834348355,0.5164783427495292,0.8721910112359551,0.52532024422363222,0.69433467699274187,2194,13041,1911,2054,0.21380208333333331,75,True
1,5,0,k101__money-standard__pay-raw__blocks-none__payw-1,summary,19200,0.51535812076544707,0.75650742923494541,0.51354939450755976,0.75619547681268062,0.24802949300329161,0.78921874999999975,0.52332327686238111,0.53083804143126156,0.86262707330123045,0.52705387402126913,0.69673255736624595,2255,12898,2054,1993,0.2244270833333333,101,False
1,0,1,k13__money-standard__pay-raw__blocks-none__payw-1,full_training_fold,8000,0.50158818534450345,0.73269340987204234,,,,,,,,,,,,,,,,
1,0,1,k19__money-standard__pay-raw__blocks-none__payw-1,full_training_fold,8000,0.51146686410560871,0.73721191428390054,,,,,,,,,,,,,,,,
1,0,1,k25__money-standard__pay-raw__blocks-none__payw-1,full_training_fold,8000,0.51245434310060145,0.74028760961630902,,,,,,,,,,,,,,,,
1,0,1,k31__money-standard__pay-raw__blocks-none__payw-1,full_training_fold,8000,0.51668477865271023,0.74442786408031125,,,,,,,,,,,,,,,,
1,0,1,k35__money-standard__pay-raw__blocks-none__payw-1,full_training_fold,8000,0.51749026212383242,0.74581444804164265,,,,,,,,,,,,,,,,
1,0,1,k51__money-standard__pay-raw__blocks-none__payw-1,full_training_fold,8000,0.51691078974820115,0.74973628605889142,,,,,,,,,,,,,,,,
1,0,1,k75__money-standard__pay-raw__blocks-none__payw-1,full_training_fold,8000,0.52055385951278765,0.75356567003110486,,,,,,,,,,,,,,,,
1,0,1,k101__money-standard__pay-raw__blocks-none__payw-1,full_training_fold,8000,0.52216640812307846,0.75612754033245355,,,,,,,,,,,,,,,,
1,0,2,k13__money-standard__pay-raw__blocks-none__payw-1,full_training_fold,8000,0.50430423934714175,0.73564214526031324,,,,,,,,,,,,,,,,
1,0,2,k19__money-standard__pay-raw__blocks-none__payw-1,full_training_fold,8000,0.51078996523345177,0.74279008080093556,,,,,,,,,,,,,,,,
1,0,2,k25__money-standard__pay-raw__blocks-none__payw-1,full_training_fold,8000,0.51840064051354062,0.74848754432262332,,,,,,,,,,,,,,,,
1,0,2,k31__money-standard__pay-raw__blocks-none__payw-1,full_training_fold,8000,0.52289216906625213,0.75137053259696562,,,,,,,,,,,,,,,,
1,0,2,k35__money-standard__pay-raw__blocks-none__payw-1,full_training_fold,8000,0.5242578181926183,0.75229289659112553,,,,,,,,,,,,,,,,
1,0,2,k51__money-standard__pay-raw__blocks-none__payw-1,full_training_fold,8000,0.52036633326855675,0.75271091220719855,,,,,,,,,,,,,,,,
1,0,2,k75__money-standard__pay-raw__blocks-none__payw-1,full_training_fold,8000,0.52030491138323554,0.75496767055708203,,,,,,,,,,,,,,,,
1,0,2,k101__money-standard__pay-raw__blocks-none__payw-1,full_training_fold,8000,0.51922559826088022,0.75692625440959094,,,,,,,,,,,,,,,,
1,0,3,k13__money-standard__pay-raw__blocks-none__payw-1,full_training_fold,8000,0.486716027716385,0.73649522587104566,,,,,,,,,,,,,,,,
1,0,3,k19__money-standard__pay-raw__blocks-none__payw-1,full_training_fold,8000,0.4964610467995994,0.74379669877603705,,,,,,,,,,,,,,,,
1,0,3,k25__money-standard__pay-raw__blocks-none__payw-1,full_training_fold,8000,0.50284636024885365,0.74794352786115914,,,,,,,,,,,,,,,,
1,0,3,k31__money-standard__pay-raw__blocks-none__payw-1,full_training_fold,8000,0.50611981859277144,0.7516937640795458,,,,,,,,,,,,,,,,
1,0,3,k35__money-standard__pay-raw__blocks-none__payw-1,full_training_fold,8000,0.50819006692160307,0.75049418746273,,,,,,,,,,,,,,,,
1,0,3,k51__money-standard__pay-raw__blocks-none__payw-1,full_training_fold,8000,0.51387514221357355,0.75285904763822875,,,,,,,,,,,,,,,,
1,0,3,k75__money-standard__pay-raw__blocks-none__payw-1,full_training_fold,8000,0.51792338039422492,0.75602947715152424,,,,,,,,,,,,,,,,
1,0,3,k101__money-standard__pay-raw__blocks-none__payw-1,full_training_fold,8000,0.5187755859621388,0.7574912414350139,,,,,,,,,,,,,,,,
1,0,0,k13__money-standard__pay-raw__blocks-none__payw-1,full_training_summary,24000,0.49753615080267682,0.7349435936678006,0.49720809944394462,0.73488397254074611,0.3194515720396679,0.77800000000000002,0.49827052612415801,0.51553964965153487,0.85254935530469211,0.50675800777633773,0.68404450247811355,2737,15935,2756,2572,0.228875,13,False
1,0,0,k19__money-standard__pay-raw__blocks-none__payw-1,full_training_summary,24000,0.50623929204621976,0.7412662312869579,0.50610864666777411,0.74124412268769846,0.27453121325932112,0.76475000000000004,0.47304431290993432,0.55697871538896215,0.82376544861163115,0.51159169550173011,0.69037208200029665,2957,15397,3294,2352,0.26045833333333318,19,False
1,0,0,k25__money-standard__pay-raw__blocks-none__payw-1,full_training_summary,24000,0.51123378128766517,0.74557289393336357,0.51102034740389901,0.7455345315688614,0.2938704651272126,0.78291666666666671,0.50907757197872705,0.5228856658504426,0.85677598844363601,0.51588923991823055,0.68983082714703925,2776,16014,2677,2533,0.22720833333333321,25,False
1,0,0,k31__money-standard__pay-raw__blocks-none__payw-1,full_training_summary,24000,0.51523225543724427,0.74916405358560745,0.51498763692852867,0.74906963350660294,0.26208054933282787,0.77220833333333316,0.48707037643207851,0.56055754379355816,0.83232571826012525,0.52123653559856375,0.69644163102684165,2976,15557,3134,2333,0.25458333333333322,31,False
1,0,0,k35__money-standard__pay-raw__blocks-none__payw-1,full_training_summary,24000,0.5166460490793513,0.74953384403183265,0.5162732090898402,0.74942832859717257,0.27782989174180422,0.78345833333333315,0.51007194244604315,0.53418722923337725,0.85426140923439065,0.52185113625908552,0.69422431923388395,2836,15967,2724,2473,0.2316666666666666,35,False
1,0,0,k51__money-standard__pay-raw__blocks-none__payw-1,full_training_summary,24000,0.51705075507677722,0.75176874863477294,0.51643532495645073,0.75163914037373925,0.2714099799982983,0.78608333333333325,0.51608751608751613,0.52872480693162527,0.85918356428227494,0.52232973576479325,0.69395418560695021,2807,16059,2632,2502,0.22662499999999991,51,False
1,0,0,k75__money-standard__pay-raw__blocks-none__payw-1,full_training_summary,24000,0.51959405043008255,0.75485427257990356,0.51883794899995905,0.75471403107344415,0.24822049819045161,0.78120833333333306,0.50505931612002775,0.54530043322659616,0.84821571879514202,0.52440902092201791,0.69675807601086914,2895,15854,2837,2414,0.2388333333333332,75,False
1,0,0,k101__money-standard__pay-raw__blocks-none__payw-1,full_training_summary,24000,0.52005586411536575,0.75684834539235257,0.51927419000129393,0.75664365919521193,0.24956291898337041,0.78812499999999985,0.5208023774145617,0.52815972876247885,0.86196565191803542,0.52445525109884972,0.69506269034025714,2804,16111,2580,2505,0.2243333333333333,101,True
