global_run_order,scaling_dimension,implementation,run_number_within_point,timestamp,runtime_seconds,warmup,train_rows,query_rows,features,k,batch_size,selection_method,queries_per_second,milliseconds_per_query,microseconds_per_query_per_1000_training_rows,prediction_hash,notes
1,training_rows,sklearn,0,2026-09-15T18:18:12.864+03:00,0.014964899979531765,true,1000,1000,33,19,,brute,66823.03265426094,0.014964899979531765,14.964899979531765,fnv1a64:c3985bfaf03e20ae,Deterministic nested prefix; prediction-only timing; one thread
2,training_rows,custom_python_v5_1,0,2026-09-15T18:18:12.878+03:00,0.012748200038913637,true,1000,1000,33,19,64,exact threshold prefilter plus argpartition,78442.44653735579,0.012748200038913637,12.748200038913637,fnv1a64:c3985bfaf03e20ae,Deterministic nested prefix; prediction-only timing; one thread
3,training_rows,custom_cpp,0,2026-09-15T18:18:12.958+03:00,0.0074472999999999996,true,1000,1000,33,19,32,bounded max-heap,134276.8520134814,0.0074472999999999996,7.4472999999999994,fnv1a64:c3985bfaf03e20ae,Deterministic nested prefix; prediction-only timing; one thread
4,training_rows,weka,0,2026-09-15T18:18:21.557+03:00,0.126471899,true,1000,1000,33,19,,IBk linear search,7906.8947956573338,0.126471899,126.47189900000001,73dc3c2ae5582f0be9017dcf3fbe1239b353537a45cbe1793ccb77c08f946188,Deterministic nested prefix; prediction-only timing; one thread
5,training_rows,weka,1,2026-09-15T18:18:30.161+03:00,0.1244854,false,1000,1000,33,19,,IBk linear search,8033.070544818911,0.1244854,124.4854,73dc3c2ae5582f0be9017dcf3fbe1239b353537a45cbe1793ccb77c08f946188,Deterministic nested prefix; prediction-only timing; one thread
6,training_rows,sklearn,1,2026-09-15T18:18:30.173+03:00,0.010623499983921647,false,1000,1000,33,19,,brute,94130.936274624226,0.010623499983921647,10.623499983921647,fnv1a64:c3985bfaf03e20ae,Deterministic nested prefix; prediction-only timing; one thread
7,training_rows,custom_python_v5_1,1,2026-09-15T18:18:30.199+03:00,0.024236700031906366,false,1000,1000,33,19,64,exact threshold prefilter plus argpartition,41259.742402371259,0.024236700031906366,24.236700031906366,fnv1a64:c3985bfaf03e20ae,Deterministic nested prefix; prediction-only timing; one thread
8,training_rows,custom_cpp,1,2026-09-15T18:18:30.242+03:00,0.0068177000000000003,false,1000,1000,33,19,32,bounded max-heap,146677.03184358359,0.0068177000000000003,6.8177000000000003,fnv1a64:c3985bfaf03e20ae,Deterministic nested prefix; prediction-only timing; one thread
9,training_rows,custom_cpp,2,2026-09-15T18:18:30.283+03:00,0.0071073000000000004,false,1000,1000,33,19,32,bounded max-heap,140700.40662417514,0.0071073000000000004,7.1073000000000004,fnv1a64:c3985bfaf03e20ae,Deterministic nested prefix; prediction-only timing; one thread
10,training_rows,custom_python_v5_1,2,2026-09-15T18:18:30.309+03:00,0.024023400037549436,false,1000,1000,33,19,64,exact threshold prefilter plus argpartition,41626.081172397084,0.024023400037549436,24.023400037549436,fnv1a64:c3985bfaf03e20ae,Deterministic nested prefix; prediction-only timing; one thread
11,training_rows,sklearn,2,2026-09-15T18:18:30.321+03:00,0.010244500008411705,false,1000,1000,33,19,,brute,97613.353426609916,0.010244500008411705,10.244500008411705,fnv1a64:c3985bfaf03e20ae,Deterministic nested prefix; prediction-only timing; one thread
12,training_rows,weka,2,2026-09-15T18:18:38.917+03:00,0.12162009999999999,false,1000,1000,33,19,,IBk linear search,8222.3250926450492,0.12162009999999999,121.62009999999999,73dc3c2ae5582f0be9017dcf3fbe1239b353537a45cbe1793ccb77c08f946188,Deterministic nested prefix; prediction-only timing; one thread
13,training_rows,custom_python_v5_1,3,2026-09-15T18:18:38.944+03:00,0.024386200006119907,false,1000,1000,33,19,64,exact threshold prefilter plus argpartition,41006.798916971165,0.024386200006119907,24.386200006119907,fnv1a64:c3985bfaf03e20ae,Deterministic nested prefix; prediction-only timing; one thread
14,training_rows,weka,3,2026-09-15T18:18:47.535+03:00,0.12078219900000001,false,1000,1000,33,19,,IBk linear search,8279.3657366678672,0.12078219900000001,120.78219900000001,73dc3c2ae5582f0be9017dcf3fbe1239b353537a45cbe1793ccb77c08f946188,Deterministic nested prefix; prediction-only timing; one thread
15,training_rows,custom_cpp,3,2026-09-15T18:18:47.576+03:00,0.0071627000000000001,false,1000,1000,33,19,32,bounded max-heap,139612.15742666871,0.0071627000000000001,7.1627000000000001,fnv1a64:c3985bfaf03e20ae,Deterministic nested prefix; prediction-only timing; one thread
16,training_rows,sklearn,3,2026-09-15T18:18:47.589+03:00,0.010468800028320402,false,1000,1000,33,19,,brute,95521.931577141644,0.010468800028320402,10.468800028320402,fnv1a64:c3985bfaf03e20ae,Deterministic nested prefix; prediction-only timing; one thread
17,training_rows,sklearn,4,2026-09-15T18:18:47.600+03:00,0.010075199999846518,false,1000,1000,33,19,,brute,99253.612833019055,0.010075199999846518,10.075199999846518,fnv1a64:c3985bfaf03e20ae,Deterministic nested prefix; prediction-only timing; one thread
18,training_rows,custom_cpp,4,2026-09-15T18:18:47.641+03:00,0.0068453000000000003,false,1000,1000,33,19,32,bounded max-heap,146085.63539947115,0.0068453000000000003,6.8452999999999999,fnv1a64:c3985bfaf03e20ae,Deterministic nested prefix; prediction-only timing; one thread
19,training_rows,custom_python_v5_1,4,2026-09-15T18:18:47.667+03:00,0.023996300005819649,false,1000,1000,33,19,64,exact threshold prefilter plus argpartition,41673.091258130517,0.023996300005819649,23.996300005819649,fnv1a64:c3985bfaf03e20ae,Deterministic nested prefix; prediction-only timing; one thread
20,training_rows,custom_cpp,5,2026-09-15T18:18:47.709+03:00,0.0072895,false,1000,1000,33,19,32,bounded max-heap,137183.62027573909,0.0072895,7.2895000000000003,fnv1a64:c3985bfaf03e20ae,Deterministic nested prefix; prediction-only timing; one thread
21,training_rows,sklearn,5,2026-09-15T18:18:47.721+03:00,0.010381800006143749,false,1000,1000,33,19,,brute,96322.410314995403,0.010381800006143749,10.381800006143749,fnv1a64:c3985bfaf03e20ae,Deterministic nested prefix; prediction-only timing; one thread
22,training_rows,custom_python_v5_1,5,2026-09-15T18:18:47.747+03:00,0.024234799959231168,false,1000,1000,33,19,64,exact threshold prefilter plus argpartition,41262.977275745761,0.024234799959231168,24.234799959231168,fnv1a64:c3985bfaf03e20ae,Deterministic nested prefix; prediction-only timing; one thread
23,training_rows,custom_python_v5_1,0,2026-09-15T18:18:47.899+03:00,0.039483400003518909,true,2000,1000,33,19,64,exact threshold prefilter plus argpartition,25327.09948765497,0.039483400003518909,19.741700001759455,fnv1a64:6869f2ab6b659247,Deterministic nested prefix; prediction-only timing; one thread
24,training_rows,weka,0,2026-09-15T18:18:56.601+03:00,0.19838440099999999,true,2000,1000,33,19,,IBk linear search,5040.7189020874685,0.19838440099999999,99.192200499999998,fecb7629b5d0dee5ab6793f82c8e64caeeeddd81e978dc04fca73a03556274a1,Deterministic nested prefix; prediction-only timing; one thread
25,training_rows,sklearn,0,2026-09-15T18:18:56.620+03:00,0.017430900014005601,true,2000,1000,33,19,,brute,57369.384208302916,0.017430900014005601,8.7154500070028007,fnv1a64:6869f2ab6b659247,Deterministic nested prefix; prediction-only timing; one thread
26,training_rows,custom_cpp,0,2026-09-15T18:18:56.722+03:00,0.0114439,true,2000,1000,33,19,32,bounded max-heap,87382.797822420674,0.0114439,5.7219499999999996,fnv1a64:6869f2ab6b659247,Deterministic nested prefix; prediction-only timing; one thread
27,training_rows,custom_cpp,1,2026-09-15T18:18:56.784+03:00,0.0117819,false,2000,1000,33,19,32,bounded max-heap,84875.95379353076,0.0117819,5.8909500000000001,fnv1a64:6869f2ab6b659247,Deterministic nested prefix; prediction-only timing; one thread
28,training_rows,weka,1,2026-09-15T18:19:05.374+03:00,0.11959599999999999,false,2000,1000,33,19,,IBk linear search,8361.4836616609264,0.11959599999999999,59.798000000000002,fecb7629b5d0dee5ab6793f82c8e64caeeeddd81e978dc04fca73a03556274a1,Deterministic nested prefix; prediction-only timing; one thread
29,training_rows,sklearn,1,2026-09-15T18:19:05.384+03:00,0.0092040000017732382,false,2000,1000,33,19,,brute,108648.41371222734,0.0092040000017732382,4.6020000008866191,fnv1a64:6869f2ab6b659247,Deterministic nested prefix; prediction-only timing; one thread
30,training_rows,custom_python_v5_1,1,2026-09-15T18:19:05.409+03:00,0.023110499954782426,false,2000,1000,33,19,64,exact threshold prefilter plus argpartition,43270.375022460845,0.023110499954782426,11.555249977391213,fnv1a64:6869f2ab6b659247,Deterministic nested prefix; prediction-only timing; one thread
31,training_rows,custom_python_v5_1,2,2026-09-15T18:19:05.432+03:00,0.022105599986389279,false,2000,1000,33,19,64,exact threshold prefilter plus argpartition,45237.405934049006,0.022105599986389279,11.05279999319464,fnv1a64:6869f2ab6b659247,Deterministic nested prefix; prediction-only timing; one thread
32,training_rows,sklearn,2,2026-09-15T18:19:05.443+03:00,0.0096037000184878707,false,2000,1000,33,19,,brute,104126.53436435146,0.0096037000184878707,4.8018500092439353,fnv1a64:6869f2ab6b659247,Deterministic nested prefix; prediction-only timing; one thread
33,training_rows,custom_cpp,2,2026-09-15T18:19:05.502+03:00,0.012788600000000001,false,2000,1000,33,19,32,bounded max-heap,78194.642103123086,0.012788600000000001,6.3943000000000003,fnv1a64:6869f2ab6b659247,Deterministic nested prefix; prediction-only timing; one thread
34,training_rows,weka,2,2026-09-15T18:19:14.209+03:00,0.1978144,false,2000,1000,33,19,,IBk linear search,5055.2437031884429,0.1978144,98.907200000000003,fecb7629b5d0dee5ab6793f82c8e64caeeeddd81e978dc04fca73a03556274a1,Deterministic nested prefix; prediction-only timing; one thread
35,training_rows,custom_python_v5_1,3,2026-09-15T18:19:14.249+03:00,0.038398000004235655,false,2000,1000,33,19,64,exact threshold prefilter plus argpartition,26043.023071245658,0.038398000004235655,19.199000002117828,fnv1a64:6869f2ab6b659247,Deterministic nested prefix; prediction-only timing; one thread
36,training_rows,sklearn,3,2026-09-15T18:19:14.268+03:00,0.017471099970862269,false,2000,1000,33,19,,brute,57237.380683973381,0.017471099970862269,8.7355499854311347,fnv1a64:6869f2ab6b659247,Deterministic nested prefix; prediction-only timing; one thread
37,training_rows,weka,3,2026-09-15T18:19:22.982+03:00,0.1983393,false,2000,1000,33,19,,IBk linear search,5041.8651270827313,0.1983393,99.16964999999999,fecb7629b5d0dee5ab6793f82c8e64caeeeddd81e978dc04fca73a03556274a1,Deterministic nested prefix; prediction-only timing; one thread
38,training_rows,custom_cpp,3,2026-09-15T18:19:23.040+03:00,0.011710099999999999,false,2000,1000,33,19,32,bounded max-heap,85396.36723853767,0.011710099999999999,5.8550499999999994,fnv1a64:6869f2ab6b659247,Deterministic nested prefix; prediction-only timing; one thread
39,training_rows,sklearn,4,2026-09-15T18:19:23.059+03:00,0.017303299973718822,false,2000,1000,33,19,,brute,57792.44430362148,0.017303299973718822,8.651649986859411,fnv1a64:6869f2ab6b659247,Deterministic nested prefix; prediction-only timing; one thread
40,training_rows,custom_cpp,4,2026-09-15T18:19:23.142+03:00,0.024476399999999999,false,2000,1000,33,19,32,bounded max-heap,40855.681391054241,0.024476399999999999,12.238199999999999,fnv1a64:6869f2ab6b659247,Deterministic nested prefix; prediction-only timing; one thread
41,training_rows,custom_python_v5_1,4,2026-09-15T18:19:23.183+03:00,0.039367000048514456,false,2000,1000,33,19,64,exact threshold prefilter plus argpartition,25401.98640403476,0.039367000048514456,19.683500024257228,fnv1a64:6869f2ab6b659247,Deterministic nested prefix; prediction-only timing; one thread
42,training_rows,sklearn,5,2026-09-15T18:19:23.202+03:00,0.017229299992322922,false,2000,1000,33,19,,brute,58040.663314561978,0.017229299992322922,8.6146499961614609,fnv1a64:6869f2ab6b659247,Deterministic nested prefix; prediction-only timing; one thread
43,training_rows,custom_cpp,5,2026-09-15T18:19:23.257+03:00,0.011151100000000001,false,2000,1000,33,19,32,bounded max-heap,89677.251571593835,0.011151100000000001,5.5755499999999998,fnv1a64:6869f2ab6b659247,Deterministic nested prefix; prediction-only timing; one thread
44,training_rows,custom_python_v5_1,5,2026-09-15T18:19:23.297+03:00,0.038675700023304671,false,2000,1000,33,19,64,exact threshold prefilter plus argpartition,25856.02844673616,0.038675700023304671,19.337850011652336,fnv1a64:6869f2ab6b659247,Deterministic nested prefix; prediction-only timing; one thread
45,training_rows,sklearn,0,2026-09-15T18:19:23.512+03:00,0.030277399986516684,true,4000,1000,33,19,,brute,33027.935042154415,0.030277399986516684,7.5693499966291711,fnv1a64:284f1789f6d4030e,Deterministic nested prefix; prediction-only timing; one thread
46,training_rows,custom_cpp,0,2026-09-15T18:19:23.643+03:00,0.0194311,true,4000,1000,33,19,32,bounded max-heap,51463.890361327976,0.0194311,4.8577749999999993,fnv1a64:06fbe980d0726a37,Deterministic nested prefix; prediction-only timing; one thread
47,training_rows,weka,0,2026-09-15T18:19:32.532+03:00,0.32819229999999999,true,4000,1000,33,19,,IBk linear search,3046.9940946207453,0.32819229999999999,82.048074999999997,41b8aebb84a9ad7f691d457a74673f3954ef2ebaafd9f665b8820d61d4469a68,Deterministic nested prefix; prediction-only timing; one thread
48,training_rows,custom_python_v5_1,0,2026-09-15T18:19:32.594+03:00,0.060348000028170645,true,4000,1000,33,19,64,exact threshold prefilter plus argpartition,16570.557425816874,0.060348000028170645,15.087000007042661,fnv1a64:06fbe980d0726a37,Deterministic nested prefix; prediction-only timing; one thread
49,training_rows,sklearn,1,2026-09-15T18:19:32.626+03:00,0.030478999949991703,false,4000,1000,33,19,,brute,32809.475430320745,0.030478999949991703,7.6197499874979258,fnv1a64:284f1789f6d4030e,Deterministic nested prefix; prediction-only timing; one thread
50,training_rows,weka,1,2026-09-15T18:19:41.305+03:00,0.21637989999999999,false,4000,1000,33,19,,IBk linear search,4621.5013501716194,0.21637989999999999,54.094974999999998,41b8aebb84a9ad7f691d457a74673f3954ef2ebaafd9f665b8820d61d4469a68,Deterministic nested prefix; prediction-only timing; one thread
51,training_rows,custom_cpp,1,2026-09-15T18:19:41.388+03:00,0.0204622,false,4000,1000,33,19,32,bounded max-heap,48870.600424196811,0.0204622,5.1155499999999998,fnv1a64:06fbe980d0726a37,Deterministic nested prefix; prediction-only timing; one thread
52,training_rows,custom_python_v5_1,1,2026-09-15T18:19:41.421+03:00,0.032075900002382696,false,4000,1000,33,19,64,exact threshold prefilter plus argpartition,31176.05429390031,0.032075900002382696,8.0189750005956739,fnv1a64:06fbe980d0726a37,Deterministic nested prefix; prediction-only timing; one thread
53,training_rows,custom_cpp,2,2026-09-15T18:19:41.502+03:00,0.0194346,false,4000,1000,33,19,32,bounded max-heap,51454.622168709415,0.0194346,4.8586499999999999,fnv1a64:06fbe980d0726a37,Deterministic nested prefix; prediction-only timing; one thread
54,training_rows,sklearn,2,2026-09-15T18:19:41.520+03:00,0.016478999983519316,false,4000,1000,33,19,,brute,60683.293949881801,0.016478999983519316,4.1197499958798289,fnv1a64:284f1789f6d4030e,Deterministic nested prefix; prediction-only timing; one thread
55,training_rows,weka,2,2026-09-15T18:19:50.216+03:00,0.21126400000000001,false,4000,1000,33,19,,IBk linear search,4733.414116934262,0.21126400000000001,52.816000000000003,41b8aebb84a9ad7f691d457a74673f3954ef2ebaafd9f665b8820d61d4469a68,Deterministic nested prefix; prediction-only timing; one thread
56,training_rows,custom_python_v5_1,2,2026-09-15T18:19:50.248+03:00,0.030485299997963011,false,4000,1000,33,19,64,exact threshold prefilter plus argpartition,32802.695071618735,0.030485299997963011,7.6213249994907528,fnv1a64:06fbe980d0726a37,Deterministic nested prefix; prediction-only timing; one thread
57,training_rows,custom_cpp,3,2026-09-15T18:19:50.330+03:00,0.019402300000000001,false,4000,1000,33,19,32,bounded max-heap,51540.281306855373,0.019402300000000001,4.8505750000000001,fnv1a64:06fbe980d0726a37,Deterministic nested prefix; prediction-only timing; one thread
58,training_rows,custom_python_v5_1,3,2026-09-15T18:19:50.362+03:00,0.030927199986763299,false,4000,1000,33,19,64,exact threshold prefilter plus argpartition,32333.997271915836,0.030927199986763299,7.7317999966908246,fnv1a64:06fbe980d0726a37,Deterministic nested prefix; prediction-only timing; one thread
59,training_rows,weka,3,2026-09-15T18:19:59.050+03:00,0.20820900000000001,false,4000,1000,33,19,,IBk linear search,4802.8663506380608,0.20820900000000001,52.052250000000001,41b8aebb84a9ad7f691d457a74673f3954ef2ebaafd9f665b8820d61d4469a68,Deterministic nested prefix; prediction-only timing; one thread
60,training_rows,sklearn,3,2026-09-15T18:19:59.067+03:00,0.015420400013681501,false,4000,1000,33,19,,brute,64849.160794322204,0.015420400013681501,3.8551000034203753,fnv1a64:284f1789f6d4030e,Deterministic nested prefix; prediction-only timing; one thread
61,training_rows,custom_python_v5_1,4,2026-09-15T18:19:59.100+03:00,0.031255999987479299,false,4000,1000,33,19,64,exact threshold prefilter plus argpartition,31993.857192237825,0.031255999987479299,7.8139999968698248,fnv1a64:06fbe980d0726a37,Deterministic nested prefix; prediction-only timing; one thread
62,training_rows,custom_cpp,4,2026-09-15T18:19:59.185+03:00,0.021217,false,4000,1000,33,19,32,bounded max-heap,47132.016778997975,0.021217,5.3042499999999997,fnv1a64:06fbe980d0726a37,Deterministic nested prefix; prediction-only timing; one thread
63,training_rows,sklearn,4,2026-09-15T18:19:59.202+03:00,0.01541749999159947,false,4000,1000,33,19,,brute,64861.358880808802,0.01541749999159947,3.8543749978998676,fnv1a64:284f1789f6d4030e,Deterministic nested prefix; prediction-only timing; one thread
64,training_rows,custom_python_v5_1,5,2026-09-15T18:19:59.233+03:00,0.030200799985323101,false,4000,1000,33,19,64,exact threshold prefilter plus argpartition,33111.705666272981,0.030200799985323101,7.5501999963307753,fnv1a64:06fbe980d0726a37,Deterministic nested prefix; prediction-only timing; one thread
65,training_rows,custom_cpp,5,2026-09-15T18:19:59.321+03:00,0.022185900000000001,false,4000,1000,33,19,32,bounded max-heap,45073.672918385098,0.022185900000000001,5.546475,fnv1a64:06fbe980d0726a37,Deterministic nested prefix; prediction-only timing; one thread
66,training_rows,sklearn,5,2026-09-15T18:19:59.338+03:00,0.015653999987989664,false,4000,1000,33,19,,brute,63881.436103694745,0.015653999987989664,3.913499996997416,fnv1a64:284f1789f6d4030e,Deterministic nested prefix; prediction-only timing; one thread
67,training_rows,custom_cpp,0,2026-09-15T18:19:59.735+03:00,0.035720700000000001,true,8000,1000,33,19,32,bounded max-heap,27994.972103010299,0.035720700000000001,4.465087500000001,fnv1a64:04038369f6a6f953,Deterministic nested prefix; prediction-only timing; one thread
68,training_rows,weka,0,2026-09-15T18:20:08.632+03:00,0.39400449999999998,true,8000,1000,33,19,,IBk linear search,2538.0420781996145,0.39400449999999998,49.250562500000001,e456b7f7c093a615dd590375ca8fa274553f776777b03e2b9343151140d3b570,Deterministic nested prefix; prediction-only timing; one thread
69,training_rows,sklearn,0,2026-09-15T18:20:08.663+03:00,0.029470400011632591,true,8000,1000,33,19,,brute,33932.352448737678,0.029470400011632591,3.6838000014540739,fnv1a64:04038369f6a6f953,Deterministic nested prefix; prediction-only timing; one thread
70,training_rows,custom_python_v5_1,0,2026-09-15T18:20:08.710+03:00,0.046143800020217896,true,8000,1000,33,19,64,exact threshold prefilter plus argpartition,21671.383795046142,0.046143800020217896,5.7679750025272369,fnv1a64:04038369f6a6f953,Deterministic nested prefix; prediction-only timing; one thread
71,training_rows,custom_cpp,1,2026-09-15T18:20:08.846+03:00,0.035186599999999998,false,8000,1000,33,19,32,bounded max-heap,28419.909852045952,0.035186599999999998,4.3983249999999998,fnv1a64:04038369f6a6f953,Deterministic nested prefix; prediction-only timing; one thread
72,training_rows,sklearn,1,2026-09-15T18:20:08.874+03:00,0.027759900025557727,false,8000,1000,33,19,,brute,36023.184488392588,0.027759900025557727,3.4699875031947158,fnv1a64:04038369f6a6f953,Deterministic nested prefix; prediction-only timing; one thread
73,training_rows,custom_python_v5_1,1,2026-09-15T18:20:08.919+03:00,0.043797799968160689,false,8000,1000,33,19,64,exact threshold prefilter plus argpartition,22832.197067591555,0.043797799968160689,5.4747249960200861,fnv1a64:04038369f6a6f953,Deterministic nested prefix; prediction-only timing; one thread
74,training_rows,weka,1,2026-09-15T18:20:17.808+03:00,0.39127600000000001,false,8000,1000,33,19,,IBk linear search,2555.7407047710567,0.39127600000000001,48.909500000000001,e456b7f7c093a615dd590375ca8fa274553f776777b03e2b9343151140d3b570,Deterministic nested prefix; prediction-only timing; one thread
75,training_rows,custom_python_v5_1,2,2026-09-15T18:20:17.854+03:00,0.044525700039230287,false,8000,1000,33,19,64,exact threshold prefilter plus argpartition,22458.939424173666,0.044525700039230287,5.5657125049037859,fnv1a64:04038369f6a6f953,Deterministic nested prefix; prediction-only timing; one thread
76,training_rows,custom_cpp,2,2026-09-15T18:20:17.992+03:00,0.035815199999999998,false,8000,1000,33,19,32,bounded max-heap,27921.106122540154,0.035815199999999998,4.4768999999999997,fnv1a64:04038369f6a6f953,Deterministic nested prefix; prediction-only timing; one thread
77,training_rows,sklearn,2,2026-09-15T18:20:18.021+03:00,0.028237999998964369,false,8000,1000,33,19,,brute,35413.27289597971,0.028237999998964369,3.5297499998705462,fnv1a64:04038369f6a6f953,Deterministic nested prefix; prediction-only timing; one thread
78,training_rows,weka,2,2026-09-15T18:20:26.954+03:00,0.40593610000000002,false,8000,1000,33,19,,IBk linear search,2463.4419062507618,0.40593610000000002,50.742012500000001,e456b7f7c093a615dd590375ca8fa274553f776777b03e2b9343151140d3b570,Deterministic nested prefix; prediction-only timing; one thread
79,training_rows,custom_python_v5_1,3,2026-09-15T18:20:26.999+03:00,0.04467780003324151,false,8000,1000,33,19,64,exact threshold prefilter plus argpartition,22382.480767987065,0.04467780003324151,5.5847250041551888,fnv1a64:04038369f6a6f953,Deterministic nested prefix; prediction-only timing; one thread
80,training_rows,custom_cpp,3,2026-09-15T18:20:27.149+03:00,0.043031600000000003,false,8000,1000,33,19,32,bounded max-heap,23238.736184571335,0.043031600000000003,5.3789500000000006,fnv1a64:04038369f6a6f953,Deterministic nested prefix; prediction-only timing; one thread
81,training_rows,weka,3,2026-09-15T18:20:36.066+03:00,0.39355299999999999,false,8000,1000,33,19,,IBk linear search,2540.95382324617,0.39355299999999999,49.194125,e456b7f7c093a615dd590375ca8fa274553f776777b03e2b9343151140d3b570,Deterministic nested prefix; prediction-only timing; one thread
82,training_rows,sklearn,3,2026-09-15T18:20:36.095+03:00,0.027930300042498857,false,8000,1000,33,19,,brute,35803.410578418276,0.027930300042498857,3.4912875053123571,fnv1a64:04038369f6a6f953,Deterministic nested prefix; prediction-only timing; one thread
83,training_rows,sklearn,4,2026-09-15T18:20:36.125+03:00,0.028043600032106042,false,8000,1000,33,19,,brute,35658.759890140296,0.028043600032106042,3.5054500040132552,fnv1a64:04038369f6a6f953,Deterministic nested prefix; prediction-only timing; one thread
84,training_rows,custom_cpp,4,2026-09-15T18:20:36.262+03:00,0.036158099999999999,false,8000,1000,33,19,32,bounded max-heap,27656.320437191116,0.036158099999999999,4.5197624999999997,fnv1a64:04038369f6a6f953,Deterministic nested prefix; prediction-only timing; one thread
85,training_rows,custom_python_v5_1,4,2026-09-15T18:20:36.309+03:00,0.046042700007092208,false,8000,1000,33,19,64,exact threshold prefilter plus argpartition,21718.969561862457,0.046042700007092208,5.755337500886526,fnv1a64:04038369f6a6f953,Deterministic nested prefix; prediction-only timing; one thread
86,training_rows,custom_cpp,5,2026-09-15T18:20:36.457+03:00,0.040073499999999998,false,8000,1000,33,19,32,bounded max-heap,24954.146755337068,0.040073499999999998,5.0091875000000003,fnv1a64:04038369f6a6f953,Deterministic nested prefix; prediction-only timing; one thread
87,training_rows,sklearn,5,2026-09-15T18:20:36.486+03:00,0.028025900013744831,false,8000,1000,33,19,,brute,35681.280512296369,0.028025900013744831,3.5032375017181039,fnv1a64:04038369f6a6f953,Deterministic nested prefix; prediction-only timing; one thread
88,training_rows,custom_python_v5_1,5,2026-09-15T18:20:36.532+03:00,0.045169299992267042,false,8000,1000,33,19,64,exact threshold prefilter plus argpartition,22138.930649162139,0.045169299992267042,5.6461624990333803,fnv1a64:04038369f6a6f953,Deterministic nested prefix; prediction-only timing; one thread
89,training_rows,custom_cpp,0,2026-09-15T18:20:37.082+03:00,0.058024899999999997,true,12000,1000,33,19,32,bounded max-heap,17233.980584197474,0.058024899999999997,4.8354083333333326,fnv1a64:13a400367837b5ff,Deterministic nested prefix; prediction-only timing; one thread
90,training_rows,weka,0,2026-09-15T18:20:46.051+03:00,0.390873101,true,12000,1000,33,19,,IBk linear search,2558.37507733744,0.390873101,32.572758416666666,ac8c0bc366c2d09d91b32ab1dc0d4e9f4b8e19d3d6e9d4357bba0426244d4e33,Deterministic nested prefix; prediction-only timing; one thread
91,training_rows,sklearn,0,2026-09-15T18:20:46.092+03:00,0.040279300010297447,true,12000,1000,33,19,,brute,24826.647924476067,0.040279300010297447,3.3566083341914541,fnv1a64:9cea8281cce191d5,Deterministic nested prefix; prediction-only timing; one thread
92,training_rows,custom_python_v5_1,0,2026-09-15T18:20:46.154+03:00,0.060891600034665316,true,12000,1000,33,19,64,exact threshold prefilter plus argpartition,16422.626428451618,0.060891600034665316,5.0743000028887764,fnv1a64:13a400367837b5ff,Deterministic nested prefix; prediction-only timing; one thread
93,training_rows,sklearn,1,2026-09-15T18:20:46.195+03:00,0.040080600010696799,false,12000,1000,33,19,,brute,24949.726294843837,0.040080600010696799,3.3400500008914,fnv1a64:9cea8281cce191d5,Deterministic nested prefix; prediction-only timing; one thread
94,training_rows,custom_python_v5_1,1,2026-09-15T18:20:46.258+03:00,0.060936999972909689,false,12000,1000,33,19,64,exact threshold prefilter plus argpartition,16410.391066914395,0.060936999972909689,5.0780833310758071,fnv1a64:13a400367837b5ff,Deterministic nested prefix; prediction-only timing; one thread
95,training_rows,custom_cpp,1,2026-09-15T18:20:46.459+03:00,0.058047000000000001,false,12000,1000,33,19,32,bounded max-heap,17227.41916033559,0.058047000000000001,4.83725,fnv1a64:13a400367837b5ff,Deterministic nested prefix; prediction-only timing; one thread
96,training_rows,weka,1,2026-09-15T18:20:55.381+03:00,0.39402019999999999,false,12000,1000,33,19,,IBk linear search,2537.9409482051938,0.39402019999999999,32.835016666666668,ac8c0bc366c2d09d91b32ab1dc0d4e9f4b8e19d3d6e9d4357bba0426244d4e33,Deterministic nested prefix; prediction-only timing; one thread
97,training_rows,custom_cpp,2,2026-09-15T18:20:55.577+03:00,0.053760500000000003,false,12000,1000,33,19,32,bounded max-heap,18601.017475655917,0.053760500000000003,4.4800416666666667,fnv1a64:13a400367837b5ff,Deterministic nested prefix; prediction-only timing; one thread
98,training_rows,sklearn,2,2026-09-15T18:20:55.619+03:00,0.040614400000777096,false,12000,1000,33,19,,brute,24621.809013080743,0.040614400000777096,3.3845333333980911,fnv1a64:9cea8281cce191d5,Deterministic nested prefix; prediction-only timing; one thread
99,training_rows,custom_python_v5_1,2,2026-09-15T18:20:55.684+03:00,0.063379100000020117,false,12000,1000,33,19,64,exact threshold prefilter plus argpartition,15778.071951158703,0.063379100000020117,5.2815916666683433,fnv1a64:13a400367837b5ff,Deterministic nested prefix; prediction-only timing; one thread
100,training_rows,weka,2,2026-09-15T18:21:04.667+03:00,0.39506059900000001,false,12000,1000,33,19,,IBk linear search,2531.2572363107261,0.39506059900000001,32.921716583333328,ac8c0bc366c2d09d91b32ab1dc0d4e9f4b8e19d3d6e9d4357bba0426244d4e33,Deterministic nested prefix; prediction-only timing; one thread
101,training_rows,sklearn,3,2026-09-15T18:21:04.708+03:00,0.040098599973134696,false,12000,1000,33,19,,brute,24938.52654880672,0.040098599973134696,3.3415499977612249,fnv1a64:9cea8281cce191d5,Deterministic nested prefix; prediction-only timing; one thread
102,training_rows,weka,3,2026-09-15T18:21:13.655+03:00,0.39272289999999999,false,12000,1000,33,19,,IBk linear search,2546.3246477350826,0.39272289999999999,32.726908333333334,ac8c0bc366c2d09d91b32ab1dc0d4e9f4b8e19d3d6e9d4357bba0426244d4e33,Deterministic nested prefix; prediction-only timing; one thread
103,training_rows,custom_python_v5_1,3,2026-09-15T18:21:13.725+03:00,0.068135000008624047,false,12000,1000,33,19,64,exact threshold prefilter plus argpartition,14676.7446961683,0.068135000008624047,5.677916667385337,fnv1a64:13a400367837b5ff,Deterministic nested prefix; prediction-only timing; one thread
104,training_rows,custom_cpp,3,2026-09-15T18:21:13.917+03:00,0.051693099999999999,false,12000,1000,33,19,32,bounded max-heap,19344.941587948877,0.051693099999999999,4.3077583333333331,fnv1a64:13a400367837b5ff,Deterministic nested prefix; prediction-only timing; one thread
105,training_rows,sklearn,4,2026-09-15T18:21:13.958+03:00,0.040198800037615001,false,12000,1000,33,19,,brute,24876.36444531368,0.040198800037615001,3.3499000031345836,fnv1a64:9cea8281cce191d5,Deterministic nested prefix; prediction-only timing; one thread
106,training_rows,custom_cpp,4,2026-09-15T18:21:14.147+03:00,0.051428700000000001,false,12000,1000,33,19,32,bounded max-heap,19444.395833454859,0.051428700000000001,4.2857250000000002,fnv1a64:13a400367837b5ff,Deterministic nested prefix; prediction-only timing; one thread
107,training_rows,custom_python_v5_1,4,2026-09-15T18:21:14.210+03:00,0.062033499998506159,false,12000,1000,33,19,64,exact threshold prefilter plus argpartition,16120.322084423437,0.062033499998506159,5.1694583332088468,fnv1a64:13a400367837b5ff,Deterministic nested prefix; prediction-only timing; one thread
108,training_rows,custom_cpp,5,2026-09-15T18:21:14.414+03:00,0.056905200000000003,false,12000,1000,33,19,32,bounded max-heap,17573.086466614648,0.056905200000000003,4.7421000000000006,fnv1a64:13a400367837b5ff,Deterministic nested prefix; prediction-only timing; one thread
109,training_rows,sklearn,5,2026-09-15T18:21:14.457+03:00,0.041000800032634288,false,12000,1000,33,19,,brute,24389.767985113882,0.041000800032634288,3.4167333360528573,fnv1a64:9cea8281cce191d5,Deterministic nested prefix; prediction-only timing; one thread
110,training_rows,custom_python_v5_1,5,2026-09-15T18:21:14.519+03:00,0.061198599985800683,false,12000,1000,33,19,64,exact threshold prefilter plus argpartition,16340.243081247289,0.061198599985800683,5.099883332150057,fnv1a64:13a400367837b5ff,Deterministic nested prefix; prediction-only timing; one thread
111,training_rows,weka,0,2026-09-15T18:21:24.429+03:00,0.83181249899999998,true,16000,1000,33,19,,IBk linear search,1202.1940055026753,0.83181249899999998,51.9882811875,55d3bfc7d10bd9bda06661c682ec6a7328350f7a756b5fc344da32a6dc5e9990,Deterministic nested prefix; prediction-only timing; one thread
112,training_rows,sklearn,0,2026-09-15T18:21:24.540+03:00,0.10856039996724576,true,16000,1000,33,19,,brute,9211.4620091830402,0.10856039996724576,6.7850249979528598,fnv1a64:a96b937998786b86,Deterministic nested prefix; prediction-only timing; one thread
113,training_rows,custom_python_v5_1,0,2026-09-15T18:21:24.685+03:00,0.14393740001833066,true,16000,1000,33,19,64,exact threshold prefilter plus argpartition,6947.4646608362273,0.14393740001833066,8.9960875011456665,fnv1a64:a96b937998786b86,Deterministic nested prefix; prediction-only timing; one thread
114,training_rows,custom_cpp,0,2026-09-15T18:21:24.974+03:00,0.069925799999999996,true,16000,1000,33,19,32,bounded max-heap,14300.873211318283,0.069925799999999996,4.3703625000000006,fnv1a64:a96b937998786b86,Deterministic nested prefix; prediction-only timing; one thread
115,training_rows,weka,1,2026-09-15T18:21:34.474+03:00,0.8363353,false,16000,1000,33,19,,IBk linear search,1195.6926845010607,0.8363353,52.270956250000005,55d3bfc7d10bd9bda06661c682ec6a7328350f7a756b5fc344da32a6dc5e9990,Deterministic nested prefix; prediction-only timing; one thread
116,training_rows,custom_python_v5_1,1,2026-09-15T18:21:34.620+03:00,0.14401329995598644,false,16000,1000,33,19,64,exact threshold prefilter plus argpartition,6943.8031091963139,0.14401329995598644,9.0008312472491525,fnv1a64:a96b937998786b86,Deterministic nested prefix; prediction-only timing; one thread
117,training_rows,custom_cpp,1,2026-09-15T18:21:34.867+03:00,0.067123100000000005,false,16000,1000,33,19,32,bounded max-heap,14898.000837267646,0.067123100000000005,4.1951937500000005,fnv1a64:a96b937998786b86,Deterministic nested prefix; prediction-only timing; one thread
118,training_rows,sklearn,1,2026-09-15T18:21:34.977+03:00,0.10909799998626113,false,16000,1000,33,19,,brute,9166.0708732142793,0.10909799998626113,6.8186249991413206,fnv1a64:a96b937998786b86,Deterministic nested prefix; prediction-only timing; one thread
119,training_rows,custom_cpp,2,2026-09-15T18:21:35.221+03:00,0.0669019,false,16000,1000,33,19,32,bounded max-heap,14947.258598036828,0.0669019,4.1813687499999999,fnv1a64:a96b937998786b86,Deterministic nested prefix; prediction-only timing; one thread
120,training_rows,sklearn,2,2026-09-15T18:21:35.332+03:00,0.10884840000653639,false,16000,1000,33,19,,brute,9187.0895662219154,0.10884840000653639,6.8030250004085246,fnv1a64:a96b937998786b86,Deterministic nested prefix; prediction-only timing; one thread
121,training_rows,weka,2,2026-09-15T18:21:44.842+03:00,0.83270229900000003,false,16000,1000,33,19,,IBk linear search,1200.9093780585322,0.83270229900000003,52.043893687500002,55d3bfc7d10bd9bda06661c682ec6a7328350f7a756b5fc344da32a6dc5e9990,Deterministic nested prefix; prediction-only timing; one thread
122,training_rows,custom_python_v5_1,2,2026-09-15T18:21:44.988+03:00,0.14457659999607131,false,16000,1000,33,19,64,exact threshold prefilter plus argpartition,6916.7486303258884,0.14457659999607131,9.0360374997544568,fnv1a64:a96b937998786b86,Deterministic nested prefix; prediction-only timing; one thread
123,training_rows,weka,3,2026-09-15T18:21:54.468+03:00,0.83649549999999995,false,16000,1000,33,19,,IBk linear search,1195.4636934687635,0.83649549999999995,52.28096875,55d3bfc7d10bd9bda06661c682ec6a7328350f7a756b5fc344da32a6dc5e9990,Deterministic nested prefix; prediction-only timing; one thread
124,training_rows,sklearn,3,2026-09-15T18:21:54.580+03:00,0.10932749998755753,false,16000,1000,33,19,,brute,9146.8294812724071,0.10932749998755753,6.8329687492223457,fnv1a64:a96b937998786b86,Deterministic nested prefix; prediction-only timing; one thread
125,training_rows,custom_python_v5_1,3,2026-09-15T18:21:54.726+03:00,0.14455969998380169,false,16000,1000,33,19,64,exact threshold prefilter plus argpartition,6917.557245290719,0.14455969998380169,9.0349812489876058,fnv1a64:a96b937998786b86,Deterministic nested prefix; prediction-only timing; one thread
126,training_rows,custom_cpp,3,2026-09-15T18:21:54.972+03:00,0.066650799999999996,false,16000,1000,33,19,32,bounded max-heap,15003.570849862268,0.066650799999999996,4.1656750000000002,fnv1a64:a96b937998786b86,Deterministic nested prefix; prediction-only timing; one thread
127,training_rows,custom_cpp,4,2026-09-15T18:21:55.215+03:00,0.066975499999999993,false,16000,1000,33,19,32,bounded max-heap,14930.83291651425,0.066975499999999993,4.1859687499999998,fnv1a64:a96b937998786b86,Deterministic nested prefix; prediction-only timing; one thread
128,training_rows,custom_python_v5_1,4,2026-09-15T18:21:55.363+03:00,0.14607810002053156,false,16000,1000,33,19,64,exact threshold prefilter plus argpartition,6845.6531119958981,0.14607810002053156,9.1298812512832228,fnv1a64:a96b937998786b86,Deterministic nested prefix; prediction-only timing; one thread
129,training_rows,sklearn,4,2026-09-15T18:21:55.473+03:00,0.10837959998752922,false,16000,1000,33,19,,brute,9226.8286662348419,0.10837959998752922,6.7737249992205761,fnv1a64:a96b937998786b86,Deterministic nested prefix; prediction-only timing; one thread
130,training_rows,sklearn,5,2026-09-15T18:21:55.583+03:00,0.10830919997533783,false,16000,1000,33,19,,brute,9232.8260224219321,0.10830919997533783,6.7693249984586146,fnv1a64:a96b937998786b86,Deterministic nested prefix; prediction-only timing; one thread
131,training_rows,custom_python_v5_1,5,2026-09-15T18:21:55.732+03:00,0.1476808000006713,false,16000,1000,33,19,64,exact threshold prefilter plus argpartition,6771.3609351754212,0.1476808000006713,9.2300500000419561,fnv1a64:a96b937998786b86,Deterministic nested prefix; prediction-only timing; one thread
132,training_rows,custom_cpp,5,2026-09-15T18:21:55.978+03:00,0.067477700000000002,false,16000,1000,33,19,32,bounded max-heap,14819.710808163289,0.067477700000000002,4.2173562499999999,fnv1a64:a96b937998786b86,Deterministic nested prefix; prediction-only timing; one thread
133,training_rows,weka,0,2026-09-15T18:22:06.496+03:00,1.0663792000000001,true,20000,1000,33,19,,IBk linear search,937.75272435921477,1.0663792000000001,53.318960000000004,9afb7ebfcc2b376e3a5aed154ff207a71b1905b9d5ed079006673b6e3aa44242,Deterministic nested prefix; prediction-only timing; one thread
134,training_rows,custom_cpp,0,2026-09-15T18:22:06.837+03:00,0.082758600000000002,true,20000,1000,33,19,32,bounded max-heap,12083.336354167423,0.082758600000000002,4.1379299999999999,fnv1a64:e407c26f55aa53f4,Deterministic nested prefix; prediction-only timing; one thread
135,training_rows,custom_python_v5_1,0,2026-09-15T18:22:07.017+03:00,0.17771339998580515,true,20000,1000,33,19,64,exact threshold prefilter plus argpartition,5627.0376914733215,0.17771339998580515,8.8856699992902577,fnv1a64:e407c26f55aa53f4,Deterministic nested prefix; prediction-only timing; one thread
136,training_rows,sklearn,0,2026-09-15T18:22:07.154+03:00,0.1350218000006862,true,20000,1000,33,19,,brute,7406.2114413740437,0.1350218000006862,6.7510900000343099,fnv1a64:45fd445ed190d8c1,Deterministic nested prefix; prediction-only timing; one thread
137,training_rows,sklearn,1,2026-09-15T18:22:07.290+03:00,0.13438900001347065,false,20000,1000,33,19,,brute,7441.0852071208492,0.13438900001347065,6.7194500006735325,fnv1a64:45fd445ed190d8c1,Deterministic nested prefix; prediction-only timing; one thread
138,training_rows,custom_cpp,1,2026-09-15T18:22:07.603+03:00,0.089621900000000004,false,20000,1000,33,19,32,bounded max-heap,11157.987054503419,0.089621900000000004,4.4810950000000007,fnv1a64:e407c26f55aa53f4,Deterministic nested prefix; prediction-only timing; one thread
139,training_rows,weka,1,2026-09-15T18:22:17.409+03:00,1.0668797000000001,false,20000,1000,33,19,,IBk linear search,937.3128010590134,1.0668797000000001,53.343985000000011,9afb7ebfcc2b376e3a5aed154ff207a71b1905b9d5ed079006673b6e3aa44242,Deterministic nested prefix; prediction-only timing; one thread
140,training_rows,custom_python_v5_1,1,2026-09-15T18:22:17.586+03:00,0.174997300026007,false,20000,1000,33,19,64,exact threshold prefilter plus argpartition,5714.3738780620406,0.174997300026007,8.7498650013003498,fnv1a64:e407c26f55aa53f4,Deterministic nested prefix; prediction-only timing; one thread
141,training_rows,custom_cpp,2,2026-09-15T18:22:17.906+03:00,0.092648900000000006,false,20000,1000,33,19,32,bounded max-heap,10793.436295519969,0.092648900000000006,4.6324450000000006,fnv1a64:e407c26f55aa53f4,Deterministic nested prefix; prediction-only timing; one thread
142,training_rows,sklearn,2,2026-09-15T18:22:18.045+03:00,0.13671270001213998,false,20000,1000,33,19,,brute,7314.609395551407,0.13671270001213998,6.8356350006069988,fnv1a64:45fd445ed190d8c1,Deterministic nested prefix; prediction-only timing; one thread
143,training_rows,weka,2,2026-09-15T18:22:27.808+03:00,1.0663534990000001,false,20000,1000,33,19,,IBk linear search,937.7753258537391,1.0663534990000001,53.317674950000004,9afb7ebfcc2b376e3a5aed154ff207a71b1905b9d5ed079006673b6e3aa44242,Deterministic nested prefix; prediction-only timing; one thread
144,training_rows,custom_python_v5_1,2,2026-09-15T18:22:27.983+03:00,0.17304590001003817,false,20000,1000,33,19,64,exact threshold prefilter plus argpartition,5778.8135976754802,0.17304590001003817,8.6522950005019084,fnv1a64:e407c26f55aa53f4,Deterministic nested prefix; prediction-only timing; one thread
145,training_rows,sklearn,3,2026-09-15T18:22:28.119+03:00,0.13424310000846162,false,20000,1000,33,19,,brute,7449.1724337188871,0.13424310000846162,6.7121550004230812,fnv1a64:45fd445ed190d8c1,Deterministic nested prefix; prediction-only timing; one thread
146,training_rows,weka,3,2026-09-15T18:22:37.931+03:00,1.0741229999999999,false,20000,1000,33,19,,IBk linear search,930.99207446447019,1.0741229999999999,53.706150000000001,9afb7ebfcc2b376e3a5aed154ff207a71b1905b9d5ed079006673b6e3aa44242,Deterministic nested prefix; prediction-only timing; one thread
147,training_rows,custom_python_v5_1,3,2026-09-15T18:22:38.111+03:00,0.17875600000843406,false,20000,1000,33,19,64,exact threshold prefilter plus argpartition,5594.2178162009559,0.17875600000843406,8.9378000004217029,fnv1a64:e407c26f55aa53f4,Deterministic nested prefix; prediction-only timing; one thread
148,training_rows,custom_cpp,3,2026-09-15T18:22:38.414+03:00,0.086934899999999996,false,20000,1000,33,19,32,bounded max-heap,11502.860186185295,0.086934899999999996,4.3467450000000003,fnv1a64:e407c26f55aa53f4,Deterministic nested prefix; prediction-only timing; one thread
149,training_rows,sklearn,4,2026-09-15T18:22:38.550+03:00,0.13403670000843704,false,20000,1000,33,19,,brute,7460.6432412694003,0.13403670000843704,6.7018350004218519,fnv1a64:45fd445ed190d8c1,Deterministic nested prefix; prediction-only timing; one thread
150,training_rows,custom_python_v5_1,4,2026-09-15T18:22:38.731+03:00,0.17964320001192391,false,20000,1000,33,19,64,exact threshold prefilter plus argpartition,5566.5897731371097,0.17964320001192391,8.9821600005961955,fnv1a64:e407c26f55aa53f4,Deterministic nested prefix; prediction-only timing; one thread
151,training_rows,custom_cpp,4,2026-09-15T18:22:39.029+03:00,0.082324700000000001,false,20000,1000,33,19,32,bounded max-heap,12147.022704000135,0.082324700000000001,4.1162349999999996,fnv1a64:e407c26f55aa53f4,Deterministic nested prefix; prediction-only timing; one thread
152,training_rows,sklearn,5,2026-09-15T18:22:39.165+03:00,0.13418829999864101,false,20000,1000,33,19,,brute,7452.2145374084585,0.13418829999864101,6.7094149999320507,fnv1a64:45fd445ed190d8c1,Deterministic nested prefix; prediction-only timing; one thread
153,training_rows,custom_python_v5_1,5,2026-09-15T18:22:39.340+03:00,0.17368030000943691,false,20000,1000,33,19,64,exact threshold prefilter plus argpartition,5757.7053928722207,0.17368030000943691,8.6840150004718453,fnv1a64:e407c26f55aa53f4,Deterministic nested prefix; prediction-only timing; one thread
154,training_rows,custom_cpp,5,2026-09-15T18:22:39.640+03:00,0.082586699999999999,false,20000,1000,33,19,32,bounded max-heap,12108.487201934453,0.082586699999999999,4.1293349999999993,fnv1a64:e407c26f55aa53f4,Deterministic nested prefix; prediction-only timing; one thread
155,training_rows,weka,0,2026-09-15T18:22:50.594+03:00,1.3164880999999999,true,24000,1000,33,19,,IBk linear search,759.59668758114867,1.3164880999999999,54.853670833333325,75ea860fed3beaa741979c0804684798061b21bbbbe5013f7c693b5ba07e143c,Deterministic nested prefix; prediction-only timing; one thread
156,training_rows,custom_cpp,0,2026-09-15T18:22:51.021+03:00,0.10942590000000001,true,24000,1000,33,19,32,bounded max-heap,9138.6042975200562,0.10942590000000001,4.5594125000000005,fnv1a64:421b37ac819b90b7,Deterministic nested prefix; prediction-only timing; one thread
157,training_rows,sklearn,0,2026-09-15T18:22:51.185+03:00,0.16190959996310994,true,24000,1000,33,19,,brute,6176.2860276836182,0.16190959996310994,6.7462333317962475,fnv1a64:eeb2514c2003b2b9,Deterministic nested prefix; prediction-only timing; one thread
158,training_rows,custom_python_v5_1,0,2026-09-15T18:22:51.394+03:00,0.20725999999558553,true,24000,1000,33,19,64,exact threshold prefilter plus argpartition,4824.8576668015976,0.20725999999558553,8.6358333331493977,fnv1a64:421b37ac819b90b7,Deterministic nested prefix; prediction-only timing; one thread
159,training_rows,custom_python_v5_1,1,2026-09-15T18:22:51.605+03:00,0.20956129999831319,false,24000,1000,33,19,64,exact threshold prefilter plus argpartition,4771.8734327762295,0.20956129999831319,8.7317208332630489,fnv1a64:421b37ac819b90b7,Deterministic nested prefix; prediction-only timing; one thread
160,training_rows,sklearn,1,2026-09-15T18:22:51.767+03:00,0.15999250003369525,false,24000,1000,33,19,,brute,6250.2929811672102,0.15999250003369525,6.6663541680706357,fnv1a64:eeb2514c2003b2b9,Deterministic nested prefix; prediction-only timing; one thread
161,training_rows,custom_cpp,1,2026-09-15T18:22:52.133+03:00,0.1067718,false,24000,1000,33,19,32,bounded max-heap,9365.7688640633569,0.1067718,4.4488250000000003,fnv1a64:421b37ac819b90b7,Deterministic nested prefix; prediction-only timing; one thread
162,training_rows,weka,1,2026-09-15T18:23:02.221+03:00,1.304838999,false,24000,1000,33,19,,IBk linear search,766.37807481718289,1.304838999,54.368291625000005,75ea860fed3beaa741979c0804684798061b21bbbbe5013f7c693b5ba07e143c,Deterministic nested prefix; prediction-only timing; one thread
163,training_rows,custom_python_v5_1,2,2026-09-15T18:23:02.433+03:00,0.21002510003745556,false,24000,1000,33,19,64,exact threshold prefilter plus argpartition,4761.3356680780607,0.21002510003745556,8.751045834893981,fnv1a64:421b37ac819b90b7,Deterministic nested prefix; prediction-only timing; one thread
164,training_rows,sklearn,2,2026-09-15T18:23:02.595+03:00,0.16006760002346709,false,24000,1000,33,19,,brute,6247.3604892769845,0.16006760002346709,6.6694833343111286,fnv1a64:eeb2514c2003b2b9,Deterministic nested prefix; prediction-only timing; one thread
165,training_rows,weka,2,2026-09-15T18:23:12.635+03:00,1.3078107990000001,false,24000,1000,33,19,,IBk linear search,764.63659786617188,1.3078107990000001,54.492116625000001,75ea860fed3beaa741979c0804684798061b21bbbbe5013f7c693b5ba07e143c,Deterministic nested prefix; prediction-only timing; one thread
166,training_rows,custom_cpp,2,2026-09-15T18:23:13.007+03:00,0.108668,false,24000,1000,33,19,32,bounded max-heap,9202.3410755696241,0.108668,4.5278333333333336,fnv1a64:421b37ac819b90b7,Deterministic nested prefix; prediction-only timing; one thread
167,training_rows,weka,3,2026-09-15T18:23:23.114+03:00,1.3405682000000001,false,24000,1000,33,19,,IBk linear search,745.95235065250688,1.3405682000000001,55.85700833333334,75ea860fed3beaa741979c0804684798061b21bbbbe5013f7c693b5ba07e143c,Deterministic nested prefix; prediction-only timing; one thread
168,training_rows,custom_python_v5_1,3,2026-09-15T18:23:23.329+03:00,0.21319939999375492,false,24000,1000,33,19,64,exact threshold prefilter plus argpartition,4690.4447199630586,0.21319939999375492,8.8833083330731224,fnv1a64:421b37ac819b90b7,Deterministic nested prefix; prediction-only timing; one thread
169,training_rows,custom_cpp,3,2026-09-15T18:23:23.685+03:00,0.099869700000000006,false,24000,1000,33,19,32,bounded max-heap,10013.047000241313,0.099869700000000006,4.1612375000000004,fnv1a64:421b37ac819b90b7,Deterministic nested prefix; prediction-only timing; one thread
170,training_rows,sklearn,3,2026-09-15T18:23:23.848+03:00,0.16069770004833117,false,24000,1000,33,19,,brute,6222.8644199589771,0.16069770004833117,6.6957375020137988,fnv1a64:eeb2514c2003b2b9,Deterministic nested prefix; prediction-only timing; one thread
171,training_rows,custom_python_v5_1,4,2026-09-15T18:23:24.058+03:00,0.20869180001318455,false,24000,1000,33,19,64,exact threshold prefilter plus argpartition,4791.7551141770919,0.20869180001318455,8.6954916672160234,fnv1a64:421b37ac819b90b7,Deterministic nested prefix; prediction-only timing; one thread
172,training_rows,custom_cpp,4,2026-09-15T18:23:24.410+03:00,0.097831799999999997,false,24000,1000,33,19,32,bounded max-heap,10221.62527930591,0.097831799999999997,4.0763249999999998,fnv1a64:421b37ac819b90b7,Deterministic nested prefix; prediction-only timing; one thread
173,training_rows,sklearn,4,2026-09-15T18:23:24.572+03:00,0.15989209996769205,false,24000,1000,33,19,,brute,6254.2176893171145,0.15989209996769205,6.6621708319871686,fnv1a64:eeb2514c2003b2b9,Deterministic nested prefix; prediction-only timing; one thread
174,training_rows,custom_cpp,5,2026-09-15T18:23:24.942+03:00,0.10633289999999999,false,24000,1000,33,19,32,bounded max-heap,9404.4270399848028,0.10633289999999999,4.4305374999999998,fnv1a64:421b37ac819b90b7,Deterministic nested prefix; prediction-only timing; one thread
175,training_rows,sklearn,5,2026-09-15T18:23:25.104+03:00,0.1599852999788709,false,24000,1000,33,19,,brute,6250.5742723367021,0.1599852999788709,6.6660541657862877,fnv1a64:eeb2514c2003b2b9,Deterministic nested prefix; prediction-only timing; one thread
176,training_rows,custom_python_v5_1,5,2026-09-15T18:23:25.316+03:00,0.20935960003407672,false,24000,1000,33,19,64,exact threshold prefilter plus argpartition,4776.4707223229007,0.20935960003407672,8.7233166680865306,fnv1a64:421b37ac819b90b7,Deterministic nested prefix; prediction-only timing; one thread
