sequence_index,trial_index,timestamp,implementation,display_name,total_seconds,fit_seconds,prediction_seconds,metric_seconds,loading_export_startup_overhead_seconds,measurement_type,notes
1,1,2026-09-15T18:15:58.083+03:00,sklearn,scikit-learn KNN,1.0620319000445306,0.0021782999974675477,0.9550736999954097,0.031959399988409132,0.072820500063244253,full prepared-input pipeline,"Includes prepared-file loading, model construction/fit, prediction, artifact writing, and metric generation; shared raw-data preprocessing and k selection are fixed and excluded."
2,1,2026-09-15T18:15:59.483+03:00,custom_python_v5_1,Custom Python KNN V5.1,1.399873899994418,0.011971600004471838,1.2652262999908999,0.054058399982750416,0.06861760001629591,full prepared-input pipeline,"Includes prepared-file loading, model construction/fit, prediction, artifact writing, and metric generation; shared raw-data preprocessing and k selection are fixed and excluded."
3,1,2026-09-15T18:16:00.326+03:00,custom_cpp,Pure C++20 KNN (experimental),0.84351600002264604,0.0022734000000000001,0.64534539999999996,0.0092296000220812857,0.18666760000056482,full prepared-input pipeline,"Includes prepared-file loading, model construction/fit, prediction, artifact writing, and metric generation; shared raw-data preprocessing and k selection are fixed and excluded."
4,1,2026-09-15T18:16:15.195+03:00,weka,Weka IBk,14.869027900043875,8.1842236990000004,6.0429519999999997,0.020632500003557652,0.62121970104031732,full prepared-input pipeline,"Includes prepared-file loading, model construction/fit, prediction, artifact writing, and metric generation; shared raw-data preprocessing and k selection are fixed and excluded."
5,2,2026-09-15T18:16:30.000+03:00,weka,Weka IBk,14.804762899992056,8.1861171000000006,5.9365462989999997,0.020414200029335916,0.66168530096271994,full prepared-input pipeline,"Includes prepared-file loading, model construction/fit, prediction, artifact writing, and metric generation; shared raw-data preprocessing and k selection are fixed and excluded."
6,2,2026-09-15T18:16:31.055+03:00,sklearn,scikit-learn KNN,1.0550579000264406,0.0022294000373221934,0.95555380004225299,0.031898300047032535,0.065376399899832904,full prepared-input pipeline,"Includes prepared-file loading, model construction/fit, prediction, artifact writing, and metric generation; shared raw-data preprocessing and k selection are fixed and excluded."
7,2,2026-09-15T18:16:32.449+03:00,custom_python_v5_1,Custom Python KNN V5.1,1.3940932000405155,0.011456399981398135,1.2615308000240475,0.053712900029495358,0.067393100005574524,full prepared-input pipeline,"Includes prepared-file loading, model construction/fit, prediction, artifact writing, and metric generation; shared raw-data preprocessing and k selection are fixed and excluded."
8,2,2026-09-15T18:16:33.272+03:00,custom_cpp,Pure C++20 KNN (experimental),0.82295600004727021,0.0021944,0.62127699999999997,0.0096577000222168863,0.18982690002505331,full prepared-input pipeline,"Includes prepared-file loading, model construction/fit, prediction, artifact writing, and metric generation; shared raw-data preprocessing and k selection are fixed and excluded."
9,3,2026-09-15T18:16:34.053+03:00,custom_cpp,Pure C++20 KNN (experimental),0.78034140000818297,0.0021434000000000002,0.58270759999999999,0.0094930000486783683,0.18599739995950459,full prepared-input pipeline,"Includes prepared-file loading, model construction/fit, prediction, artifact writing, and metric generation; shared raw-data preprocessing and k selection are fixed and excluded."
10,3,2026-09-15T18:16:35.486+03:00,custom_python_v5_1,Custom Python KNN V5.1,1.4333719999995083,0.011142900038976222,1.2837992999702692,0.065996000019367784,0.072433799970895052,full prepared-input pipeline,"Includes prepared-file loading, model construction/fit, prediction, artifact writing, and metric generation; shared raw-data preprocessing and k selection are fixed and excluded."
11,3,2026-09-15T18:16:36.543+03:00,sklearn,scikit-learn KNN,1.0568569999886677,0.0021658000187017024,0.95606270001735538,0.031110599986277521,0.067517899966333061,full prepared-input pipeline,"Includes prepared-file loading, model construction/fit, prediction, artifact writing, and metric generation; shared raw-data preprocessing and k selection are fixed and excluded."
12,3,2026-09-15T18:16:51.343+03:00,weka,Weka IBk,14.799804099951871,8.1854037000000002,5.9704680000000003,0.023385100008454174,0.62054729994341606,full prepared-input pipeline,"Includes prepared-file loading, model construction/fit, prediction, artifact writing, and metric generation; shared raw-data preprocessing and k selection are fixed and excluded."
13,4,2026-09-15T18:16:52.734+03:00,custom_python_v5_1,Custom Python KNN V5.1,1.3903092999826185,0.011363800032995641,1.2586247000144795,0.052795699972193688,0.067525099962949753,full prepared-input pipeline,"Includes prepared-file loading, model construction/fit, prediction, artifact writing, and metric generation; shared raw-data preprocessing and k selection are fixed and excluded."
14,4,2026-09-15T18:17:07.585+03:00,weka,Weka IBk,14.851103099994361,8.1866074990000008,6.0109647989999999,0.020181200001388788,0.63334960199297186,full prepared-input pipeline,"Includes prepared-file loading, model construction/fit, prediction, artifact writing, and metric generation; shared raw-data preprocessing and k selection are fixed and excluded."
15,4,2026-09-15T18:17:09.373+03:00,custom_cpp,Pure C++20 KNN (experimental),1.7884736999985762,0.0021378999999999999,1.5862061000000001,0.010080600040964782,0.19004909995761143,full prepared-input pipeline,"Includes prepared-file loading, model construction/fit, prediction, artifact writing, and metric generation; shared raw-data preprocessing and k selection are fixed and excluded."
16,4,2026-09-15T18:17:10.429+03:00,sklearn,scikit-learn KNN,1.0556943999836221,0.002171000000089407,0.95428609999362379,0.031612600025255233,0.067624699964653701,full prepared-input pipeline,"Includes prepared-file loading, model construction/fit, prediction, artifact writing, and metric generation; shared raw-data preprocessing and k selection are fixed and excluded."
17,5,2026-09-15T18:17:11.485+03:00,sklearn,scikit-learn KNN,1.0559556999942288,0.0021677000331692398,0.95567539997864515,0.030866799992509186,0.067245799989905208,full prepared-input pipeline,"Includes prepared-file loading, model construction/fit, prediction, artifact writing, and metric generation; shared raw-data preprocessing and k selection are fixed and excluded."
18,5,2026-09-15T18:17:26.327+03:00,weka,Weka IBk,14.841612700023688,8.1804228000000005,5.9767279000000002,0.020350500009953976,0.66411150001373365,full prepared-input pipeline,"Includes prepared-file loading, model construction/fit, prediction, artifact writing, and metric generation; shared raw-data preprocessing and k selection are fixed and excluded."
19,5,2026-09-15T18:17:27.187+03:00,custom_cpp,Pure C++20 KNN (experimental),0.86026119999587536,0.0021462999999999999,0.66086820000000002,0.0092109999968670309,0.18803569999900827,full prepared-input pipeline,"Includes prepared-file loading, model construction/fit, prediction, artifact writing, and metric generation; shared raw-data preprocessing and k selection are fixed and excluded."
20,5,2026-09-15T18:17:28.584+03:00,custom_python_v5_1,Custom Python KNN V5.1,1.3965525000239722,0.01123060000827536,1.2625440999981947,0.053742700023576617,0.069035099993925542,full prepared-input pipeline,"Includes prepared-file loading, model construction/fit, prediction, artifact writing, and metric generation; shared raw-data preprocessing and k selection are fixed and excluded."
