fold,k,metric,weights,accuracy,precision,recall,specificity,f1,balanced_accuracy,roc_auc,average_precision,TN,FP,FN,TP
1,1,euclidean,uniform,0.73270833333333329,0.39759036144578314,0.403954802259887,0.82611021936864637,0.40074731433909389,0.61503251081426669,0.6150325108142668,0.29248353583826836,3088,650,633,429
1,3,euclidean,uniform,0.77270833333333333,0.48133848133848134,0.35216572504708099,0.89218833600856073,0.40674279499728111,0.62217703052782092,0.67437872755907413,0.3631936237246467,3335,403,688,374
1,5,euclidean,uniform,0.78770833333333334,0.53111432706222861,0.3455743879472693,0.913322632423756,0.41871078151739877,0.62944851018551262,0.69709914160971098,0.40521964520361509,3414,324,695,367
1,7,euclidean,uniform,0.79812499999999997,0.57299843014128726,0.34369114877589452,0.92723381487426426,0.429664508534432,0.63546248182507936,0.70861168797276208,0.43336548680010412,3466,272,697,365
1,9,euclidean,uniform,0.80249999999999999,0.59531772575250841,0.3352165725047081,0.93525949705724987,0.42891566265060244,0.63523803478097896,0.72506421049555692,0.45527188814741676,3496,242,706,356
1,11,euclidean,uniform,0.80312499999999998,0.60103626943005184,0.32768361581920902,0.9382022471910112,0.42413162705667273,0.63294293150511005,0.73051441952603646,0.47002560437247315,3507,231,714,348
1,13,euclidean,uniform,0.80833333333333335,0.62369337979094075,0.33709981167608288,0.942215088282504,0.43765281173594134,0.63965744997929341,0.73577154364147324,0.47722548386834129,3522,216,704,358
1,15,euclidean,uniform,0.8091666666666667,0.62717770034843201,0.33898305084745761,0.94275013376136974,0.44009779951100242,0.64086659230441367,0.73679603985736153,0.48391956635525718,3524,214,702,360
1,17,euclidean,uniform,0.81229166666666663,0.64000000000000001,0.34651600753295669,0.9446227929373997,0.44960293219303604,0.64556940023517817,0.73768085494423341,0.49084520546383598,3531,207,694,368
1,19,euclidean,uniform,0.81166666666666665,0.6376306620209059,0.34463276836158191,0.94435527019796683,0.44743276283618583,0.64449401927977434,0.7374182443454963,0.49359267695623493,3530,208,696,366
1,21,euclidean,uniform,0.81270833333333337,0.64223385689354273,0.34651600753295669,0.94515783841626533,0.45015290519877676,0.64583692297461104,0.73952681222725025,0.49753644424130017,3533,205,694,368
1,23,euclidean,uniform,0.8125,0.6436170212765957,0.34180790960451979,0.9462279293739968,0.44649446494464945,0.64401791948925835,0.73915034072623098,0.49918628871160692,3537,201,699,363
1,25,euclidean,uniform,0.81229166666666663,0.64452423698384198,0.33804143126177022,0.9470304975922953,0.44348363187152562,0.64253596442703276,0.73944985535634933,0.49987688734029212,3540,198,703,359
1,27,euclidean,uniform,0.81354166666666672,0.65321100917431196,0.3352165725047081,0.949438202247191,0.44306160547604234,0.64232738737594952,0.74083457522326313,0.49767067150753236,3549,189,706,356
1,29,euclidean,uniform,0.81416666666666671,0.65625,0.33615819209039549,0.94997324772605674,0.44458281444582815,0.64306571990822614,0.74087865853719959,0.49897302056237042,3551,187,705,357
1,31,euclidean,uniform,0.81395833333333334,0.65794392523364487,0.33145009416195859,0.9510433386837881,0.44082654978083907,0.64124671642287334,0.74224196650877294,0.50333888281727845,3555,183,710,352
1,1,euclidean,distance,0.73270833333333329,0.39759036144578314,0.403954802259887,0.82611021936864637,0.40074731433909389,0.61503251081426669,0.6150325108142668,0.29248353583826836,3088,650,633,429
1,3,euclidean,distance,0.7729166666666667,0.48236775818639799,0.36064030131826741,0.8900481540930979,0.41271551724137934,0.62534422770568265,0.67903128051195083,0.39844057126754617,3327,411,679,383
1,5,euclidean,distance,0.78937500000000005,0.53637660485021399,0.35404896421845572,0.91305510968432313,0.42654566080544526,0.6335520369513894,0.70054242628514196,0.44574985646116461,3413,325,686,376
1,7,euclidean,distance,0.79979166666666668,0.57757296466973884,0.35404896421845572,0.92643124665596577,0.43899591360186807,0.64024010543721077,0.71086107055446224,0.46939891591994176,3463,275,686,376
1,9,euclidean,distance,0.80437499999999995,0.59967585089141007,0.34839924670433148,0.93392188336008564,0.44073853484216796,0.64116056503220853,0.72433482057839316,0.48483208195693828,3491,247,692,370
1,11,euclidean,distance,0.80333333333333334,0.59899328859060408,0.33615819209039549,0.93606206527554847,0.43063932448733416,0.63611012868297201,0.72851530421517086,0.49592278671551182,3499,239,705,357
1,13,euclidean,distance,0.80833333333333335,0.61993243243243246,0.3455743879472693,0.93980738362760829,0.44377267230955258,0.64269088578743883,0.73440936924083,0.50158104369512257,3513,225,695,367
1,15,euclidean,distance,0.80958333333333332,0.62627986348122866,0.3455743879472693,0.9414125200642055,0.44538834951456313,0.64349345400573743,0.73613239705412625,0.50565523268241741,3519,219,695,367
1,17,euclidean,distance,0.81166666666666665,0.63620689655172413,0.34745762711864409,0.94355270197966823,0.44945188794153473,0.64550516454915619,0.73747958312803097,0.51062948970376598,3527,211,693,369
1,19,euclidean,distance,0.81291666666666662,0.6418685121107266,0.34934086629001881,0.9446227929373997,0.45243902439024392,0.64698182961370931,0.73775038062792775,0.51231782108074919,3531,207,691,371
1,21,euclidean,distance,0.81187500000000001,0.63826086956521744,0.3455743879472693,0.94435527019796683,0.44838118509468539,0.6449648290726181,0.73922679378782985,0.51532573419944039,3530,208,695,367
1,23,euclidean,distance,0.81312499999999999,0.64448336252189142,0.34651600753295669,0.94569288389513106,0.45070422535211269,0.64610444571404391,0.73894314915072856,0.51532709630576579,3535,203,694,368
1,25,euclidean,distance,0.81166666666666665,0.63811188811188813,0.34369114877589452,0.9446227929373997,0.44675642594859238,0.64415697085664714,0.73923157997619993,0.51542073893094775,3531,207,697,365
1,27,euclidean,distance,0.81208333333333338,0.64234875444839856,0.339924670433145,0.9462279293739968,0.44458128078817732,0.64307629990357085,0.74063166602682884,0.51384371240842275,3537,201,701,361
1,29,euclidean,distance,0.81395833333333334,0.651705565529623,0.34180790960451979,0.94810058855002677,0.4484249536751081,0.64495424907727328,0.74068318052797188,0.51406967676078508,3544,194,699,363
1,31,euclidean,distance,0.81499999999999995,0.65875912408759119,0.339924670433145,0.94997324772605674,0.44844720496894408,0.64494895907960093,0.74173299316129249,0.51727189741990498,3551,187,701,361
1,1,manhattan,uniform,0.73208333333333331,0.39743589743589741,0.40866290018832391,0.82397003745318353,0.40297121634168986,0.61631646882075375,0.61631646882075375,0.29325063981843641,3080,658,628,434
1,3,manhattan,uniform,0.76916666666666667,0.47132169576059851,0.3559322033898305,0.88657035848047083,0.40557939914163088,0.6212512809351507,0.66997367092587046,0.36260945604238598,3314,424,684,378
1,5,manhattan,uniform,0.78604166666666664,0.52562225475841873,0.33804143126177022,0.913322632423756,0.41146131805157593,0.62568203184276316,0.69289308965085006,0.40436720316245206,3414,324,703,359
1,7,manhattan,uniform,0.79208333333333336,0.55245901639344264,0.31732580037664782,0.9269662921348315,0.40311004784688997,0.62214604625573966,0.70504509597063392,0.4265107483239734,3465,273,725,337
1,9,manhattan,uniform,0.79916666666666669,0.58506944444444442,0.31732580037664782,0.93606206527554847,0.41147741147741146,0.62669393282609809,0.72091294779830295,0.45315524458956635,3499,239,725,337
1,11,manhattan,uniform,0.8002083333333333,0.59180035650623886,0.31261770244821091,0.93873729266987693,0.40911891558841651,0.62567749755904389,0.72624299831022354,0.46302614416249516,3509,229,730,332
1,13,manhattan,uniform,0.80541666666666667,0.62260536398467436,0.30602636534839922,0.94729802033172816,0.41035353535353536,0.62666219284006375,0.72979724698444948,0.46619418546691521,3541,197,737,325
1,15,manhattan,uniform,0.80458333333333332,0.6215686274509804,0.29849340866290019,0.94836811128945964,0.40330788804071249,0.62343075997617992,0.73393440302124358,0.47325970670602091,3545,193,745,317
1,17,manhattan,uniform,0.80562500000000004,0.62721893491124259,0.29943502824858759,0.949438202247191,0.40535372848948376,0.62443661524788929,0.73712729447351422,0.47352976329956553,3549,189,744,318
1,19,manhattan,uniform,0.80583333333333329,0.63265306122448983,0.29190207156308851,0.9518459069020867,0.39948453608247425,0.62187398923258763,0.73679742533294246,0.47503950333602502,3558,180,752,310
1,21,manhattan,uniform,0.8075,0.6425619834710744,0.2928436911487759,0.95371856607811667,0.4023285899094437,0.62328112861344631,0.73831527680794484,0.4780960020751388,3565,173,751,311
1,23,manhattan,uniform,0.80583333333333329,0.63485477178423233,0.28813559322033899,0.95291599785981806,0.39637305699481867,0.62052579554007847,0.74085724664185904,0.48229350455092668,3562,176,756,306
1,25,manhattan,uniform,0.80708333333333337,0.64166666666666672,0.29001883239171372,0.95398608881754954,0.39948119325551235,0.6220024606046316,0.74230418695758638,0.48377400279778859,3566,172,754,308
1,27,manhattan,uniform,0.80583333333333329,0.63598326359832635,0.28625235404896421,0.9534510433386838,0.39480519480519483,0.61985169869382406,0.74533812657503384,0.4868517987568462,3564,174,758,304
1,29,manhattan,uniform,0.80437499999999995,0.63002114164904865,0.28060263653483991,0.95318352059925093,0.38827361563517915,0.61689307856704545,0.74599433819106264,0.48774770252746108,3563,175,764,298
1,31,manhattan,uniform,0.80395833333333333,0.62955032119914345,0.2768361581920904,0.95371856607811667,0.38456507521255723,0.61527736213510353,0.74634045518162839,0.48868586931391023,3565,173,768,294
1,1,manhattan,distance,0.73208333333333331,0.39743589743589741,0.40866290018832391,0.82397003745318353,0.40297121634168986,0.61631646882075375,0.61631646882075375,0.29325063981843641,3080,658,628,434
1,3,manhattan,distance,0.77020833333333338,0.4749082007343941,0.36534839924670431,0.8852327447833066,0.41298563065460353,0.62529057201500549,0.67447218418461985,0.40152586968209669,3309,429,674,388
1,5,manhattan,distance,0.78833333333333333,0.53276353276353272,0.35216572504708099,0.91225254146602464,0.42403628117913833,0.63220913325655281,0.69696500238301784,0.4485953686565225,3410,328,688,374
1,7,manhattan,distance,0.79333333333333333,0.55520504731861198,0.33145009416195859,0.9245585874799358,0.41509433962264153,0.62800434082094725,0.7070827526931126,0.46715522198478054,3456,282,710,352
1,9,manhattan,distance,0.79749999999999999,0.57425742574257421,0.32768361581920902,0.9309791332263242,0.41726618705035973,0.62933137452276666,0.71987295944637408,0.4874179514980343,3480,258,714,348
1,11,manhattan,distance,0.79979166666666668,0.5869191049913941,0.32109227871939738,0.9357945425361156,0.41509433962264153,0.62844341062775655,0.72658873744381269,0.49303459808368399,3498,240,721,341
1,13,manhattan,distance,0.80395833333333333,0.61182994454713491,0.31167608286252352,0.9438202247191011,0.41297567061759199,0.62774815379081228,0.73025306845055471,0.49515390904606332,3528,210,731,331
1,15,manhattan,distance,0.80500000000000005,0.62209302325581395,0.30225988700564971,0.9478330658105939,0.40684410646387831,0.62504647640812183,0.73398276871424839,0.49911595174315393,3543,195,741,321
1,17,manhattan,distance,0.80729166666666663,0.63249516441005804,0.30790960451977401,0.94917067950775813,0.41418619379354021,0.62854014201376607,0.73736181770365739,0.498312766934216,3548,190,735,327
1,19,manhattan,distance,0.80687500000000001,0.6310679611650486,0.30602636534839922,0.94917067950775813,0.41217501585288524,0.62759852242807868,0.73777620085466211,0.49935954903550939,3548,190,737,325
1,21,manhattan,distance,0.80604166666666666,0.62868369351669939,0.30131826741996232,0.949438202247191,0.40738383195416933,0.62537823483357668,0.73973047713763762,0.50039747957150482,3549,189,742,320
1,23,manhattan,distance,0.8052083333333333,0.62624254473161034,0.29661016949152541,0.94970572498662387,0.402555910543131,0.62315794723907469,0.74236325859826147,0.50341262473141402,3550,188,747,315
1,25,manhattan,distance,0.80666666666666664,0.63617886178861793,0.29472693032015068,0.95211342964151957,0.40283140283140284,0.6234201799808351,0.74409976331038985,0.50448628681200924,3559,179,749,313
1,27,manhattan,distance,0.80687500000000001,0.63747454175152751,0.29472693032015068,0.95238095238095233,0.40309079201545395,0.62355394135055153,0.74639877110835018,0.50662418245260188,3560,178,749,313
1,29,manhattan,distance,0.80458333333333332,0.62916666666666665,0.28436911487758948,0.95238095238095233,0.39169909208819714,0.61837503362927093,0.74676466261402474,0.50631504750574308,3560,178,760,302
1,31,manhattan,distance,0.80458333333333332,0.62970711297071125,0.28342749529190209,0.9526484751203852,0.39090909090909093,0.61803798520614361,0.74743447708121113,0.50718914383499636,3561,177,761,301
2,1,euclidean,uniform,0.73354166666666665,0.39617224880382773,0.38983050847457629,0.83119315141787053,0.39297579496915047,0.61051182994622344,0.61051182994622344,0.28944002919471246,3107,631,648,414
2,3,euclidean,uniform,0.78020833333333328,0.50446998722860792,0.371939736346516,0.89620117710005354,0.42818428184281843,0.63407045672328477,0.68532889678861886,0.38365295310637965,3350,388,667,395
2,5,euclidean,uniform,0.79562500000000003,0.55761024182076813,0.36911487758945388,0.91680042803638306,0.44419263456090652,0.6429576528129185,0.71009931088963651,0.43559271977944802,3427,311,670,392
2,7,euclidean,uniform,0.80812499999999998,0.60698027314112291,0.37664783427495291,0.93071161048689144,0.46484601975595585,0.6536797223809222,0.72921496938350872,0.46277371795354627,3479,259,662,400
2,9,euclidean,uniform,0.81270833333333337,0.62714508580343209,0.37853107344632769,0.93606206527554847,0.47210804462712858,0.65729656936093805,0.73919228285063365,0.47763445153771733,3499,239,660,402
2,11,euclidean,uniform,0.81541666666666668,0.64193548387096777,0.37476459510357818,0.9406099518459069,0.47324613555291317,0.65768727347474254,0.7441069425929453,0.48666559364806483,3516,222,664,398
2,13,euclidean,uniform,0.81645833333333329,0.64811783960720126,0.3728813559322034,0.94248261102193687,0.47340107591153618,0.65768198347707019,0.74627634544793187,0.49351982167856029,3523,215,666,396
2,15,euclidean,uniform,0.81708333333333338,0.65333333333333332,0.36911487758945388,0.94435527019796683,0.47172081829121543,0.65673507389371033,0.75064248281254553,0.4993822314700071,3530,208,670,392
2,17,euclidean,uniform,0.81874999999999998,0.66216216216216217,0.36911487758945388,0.94649545211342967,0.4740024183796856,0.6578051648514418,0.75377567286251346,0.50276774620390019,3538,200,670,392
2,19,euclidean,uniform,0.82145833333333329,0.67461669505962518,0.3728813559322034,0.94890315676832526,0.48029108550636751,0.66089225635026438,0.75161571643194192,0.50689078088787964,3547,191,666,396
2,21,euclidean,uniform,0.81916666666666671,0.66898954703832758,0.3615819209039548,0.94917067950775813,0.46943765281173594,0.65537630020585647,0.75300005844187923,0.50876941064458225,3548,190,678,384
2,23,euclidean,uniform,0.81874999999999998,0.66961130742049468,0.3568738229755179,0.94997324772605674,0.4656019656019656,0.65342353535078734,0.75217267761545037,0.51243678777596535,3551,187,683,379
2,25,euclidean,uniform,0.81854166666666661,0.66783831282952544,0.35781544256120529,0.949438202247191,0.46597179644389947,0.65362682240419812,0.75398739872173504,0.51374212205093883,3549,189,682,380
2,27,euclidean,uniform,0.82062500000000005,0.67724867724867721,0.3615819209039548,0.9510433386837881,0.47145488029465932,0.6563126297938715,0.75770211065869042,0.51733238488114508,3555,183,678,384
2,29,euclidean,uniform,0.82041666666666668,0.67667844522968201,0.36064030131826741,0.9510433386837881,0.47051597051597049,0.65584182000102775,0.75667358396838502,0.51895263365929134,3555,183,679,383
2,31,euclidean,uniform,0.81999999999999995,0.67615658362989328,0.35781544256120529,0.95131086142322097,0.46798029556650245,0.65456315199221315,0.75987151351367688,0.52073187171498458,3556,182,682,380
2,1,euclidean,distance,0.73354166666666665,0.39617224880382773,0.38983050847457629,0.83119315141787053,0.39297579496915047,0.61051182994622344,0.61051182994622344,0.28944002919471246,3107,631,648,414
2,3,euclidean,distance,0.77604166666666663,0.49198520345252772,0.37570621468926552,0.88978063135366503,0.42605445808862785,0.63274342302146525,0.68124061025413163,0.40731725800097235,3326,412,663,399
2,5,euclidean,distance,0.79041666666666666,0.53846153846153844,0.36911487758945388,0.9101123595505618,0.43798882681564244,0.63961361857000787,0.70687027111993783,0.46059122869651653,3402,336,670,392
2,7,euclidean,distance,0.80354166666666671,0.58893871449925261,0.37099811676082861,0.92643124665596577,0.45522819179664936,0.64871468170839719,0.72377357701581657,0.48072361642514183,3463,275,668,394
2,9,euclidean,distance,0.80708333333333337,0.60303030303030303,0.37476459510357818,0.92990904226859283,0.46225319396051101,0.65233681868608551,0.73462814843028124,0.49302009870689462,3476,262,664,398
2,11,euclidean,distance,0.81291666666666662,0.62893081761006286,0.37664783427495291,0.93686463349384697,0.47114252061248529,0.65675623388439996,0.73977115973878504,0.49636114184451802,3502,236,662,400
2,13,euclidean,distance,0.81166666666666665,0.62700964630225076,0.3672316384180791,0.93793472445157844,0.46318289786223277,0.65258318143482874,0.74224952364830477,0.50036927430081357,3506,232,672,390
2,15,euclidean,distance,0.81291666666666662,0.63183279742765275,0.37005649717514122,0.93873729266987693,0.4667458432304038,0.65439689492250908,0.7471792976696805,0.50430981951369203,3509,229,669,393
2,17,euclidean,distance,0.81479166666666669,0.64297520661157026,0.36629001883239171,0.942215088282504,0.46670665866826633,0.65425255355744782,0.75007028139764775,0.50627692320319118,3522,216,673,389
2,19,euclidean,distance,0.81604166666666667,0.64991624790619762,0.36534839924670431,0.94408774745853397,0.46775165762507537,0.65471807335261911,0.74904729660966574,0.50843322787517686,3529,209,674,388
2,21,euclidean,distance,0.81520833333333331,0.64906303236797269,0.35875706214689268,0.94489031567683257,0.46209824135839905,0.6518236889118626,0.75034158270684648,0.50912711846229197,3532,206,681,381
2,23,euclidean,distance,0.81479166666666669,0.64939550949913649,0.35404896421845572,0.94569288389513106,0.45825716026812918,0.64987092405679336,0.75013879946273765,0.51142629454730515,3535,203,686,376
2,25,euclidean,distance,0.81604166666666667,0.65247018739352636,0.36064030131826741,0.9454253611556982,0.46452395391146151,0.65303283123698286,0.75213262477593079,0.51303005573227178,3534,204,679,383
2,27,euclidean,distance,0.81791666666666663,0.66040955631399323,0.36440677966101692,0.94676297485286254,0.4696601941747573,0.6555848772569397,0.75541494237933005,0.51542300592713919,3539,199,675,387
2,29,euclidean,distance,0.81729166666666664,0.65866209262435682,0.3615819209039548,0.94676297485286254,0.46686930091185408,0.65417244787840867,0.7548612559562855,0.5163831704393429,3539,199,678,384
2,31,euclidean,distance,0.81833333333333336,0.66435986159169547,0.3615819209039548,0.94810058855002677,0.4682926829268293,0.65484125472699084,0.7577362437389098,0.51798807905488153,3544,194,678,384
2,1,manhattan,uniform,0.73520833333333335,0.40075973409306742,0.39736346516007531,0.83119315141787053,0.39905437352245865,0.6142783082889729,0.6142783082889729,0.292580609969185,3107,631,640,422
2,3,manhattan,uniform,0.77749999999999997,0.4962686567164179,0.37570621468926552,0.891653290529695,0.42765273311897106,0.63367975260948028,0.68766417885633269,0.38164216817890195,3333,405,663,399
2,5,manhattan,uniform,0.79458333333333331,0.5545977011494253,0.36346516007532959,0.91706795077581593,0.4391353811149033,0.64026655542557276,0.71025070558492764,0.42738447149060005,3428,310,676,386
2,7,manhattan,uniform,0.80312499999999998,0.59300476947535774,0.3512241054613936,0.93151417870518993,0.44115907746895328,0.64136914208329177,0.72468421232942271,0.44965956760937731,3482,256,689,373
2,9,manhattan,uniform,0.80833333333333335,0.61912751677852351,0.34745762711864409,0.93927233814874267,0.44511459589867308,0.64336498263369335,0.72963690967404549,0.46426353675681775,3511,227,693,369
2,11,manhattan,uniform,0.81145833333333328,0.63747810858143605,0.34274952919020718,0.9446227929373997,0.44580526638089407,0.64368616106380339,0.73653670401908822,0.47503085803344713,3531,207,698,364
2,13,manhattan,uniform,0.80895833333333333,0.62969588550983902,0.33145009416195859,0.9446227929373997,0.43429981492905612,0.63803644354967914,0.74429713060450065,0.48709840083609168,3531,207,710,352
2,15,manhattan,uniform,0.81145833333333328,0.64727954971857415,0.3248587570621469,0.94970572498662387,0.43260188087774293,0.63728224102438535,0.74652963557457952,0.49133754402658225,3550,188,717,345
2,17,manhattan,uniform,0.81354166666666672,0.66150870406189555,0.32203389830508472,0.95318352059925093,0.43318556048131729,0.63760870945216785,0.74941507740022306,0.4954002504486017,3563,175,720,342
2,19,manhattan,uniform,0.81458333333333333,0.67063492063492058,0.31826741996233521,0.95559122525414664,0.43167305236270753,0.63692932260824087,0.7520192676829508,0.49953041708499779,3572,166,724,338
2,21,manhattan,uniform,0.81499999999999995,0.67193675889328064,0.32015065913370999,0.95559122525414664,0.43367346938775508,0.63787094219392837,0.75337678184754941,0.50265579447009268,3572,166,722,340
2,23,manhattan,uniform,0.81416666666666671,0.66865079365079361,0.31732580037664782,0.95532370251471377,0.43039591315453385,0.63632475144568079,0.75321077668249636,0.50387903493017261,3571,167,725,337
2,25,manhattan,uniform,0.81645833333333329,0.68209255533199198,0.3192090395480226,0.95773140716960947,0.43489416292495187,0.63847022335881598,0.75366458291139315,0.50796220797131753,3580,158,723,339
2,27,manhattan,uniform,0.81791666666666663,0.69183673469387752,0.3192090395480226,0.95960406634563933,0.43685567010309279,0.63940655294683091,0.75428653549487668,0.51032573497141831,3587,151,723,339
2,29,manhattan,uniform,0.81874999999999998,0.70168067226890751,0.31450094161958569,0.96201177100053503,0.43433029908972692,0.63825635631006039,0.7571479204263436,0.51526310453466417,3596,142,728,334
2,31,manhattan,uniform,0.8158333333333333,0.68697478991596639,0.30790960451977401,0.96013911182450506,0.42522756827048114,0.63402435817213953,0.75824030494569439,0.51442574353500681,3589,149,735,327
2,1,manhattan,distance,0.73520833333333335,0.40075973409306742,0.39736346516007531,0.83119315141787053,0.39905437352245865,0.6142783082889729,0.6142783082889729,0.292580609969185,3107,631,640,422
2,3,manhattan,distance,0.7739583333333333,0.48606060606060608,0.3775894538606403,0.88657035848047083,0.42501324854266032,0.63207990617055554,0.68519803232238952,0.41024664331910193,3314,424,661,401
2,5,manhattan,distance,0.79000000000000004,0.5379213483146067,0.36064030131826741,0.91198501872659177,0.43179255918827508,0.63631266002242959,0.70840084377981916,0.45475373435809574,3409,329,679,383
2,7,manhattan,distance,0.79895833333333333,0.57473035439137132,0.3512241054613936,0.9261637239165329,0.43600233781414377,0.63869391468896319,0.72245170735934394,0.47270397616812465,3462,276,689,373
2,9,manhattan,distance,0.80729166666666663,0.61102106969205838,0.35499058380414311,0.9357945425361156,0.44907683144729005,0.64539256317012939,0.72869428246975376,0.48185736688454933,3498,240,685,377
2,11,manhattan,distance,0.80833333333333335,0.61833333333333329,0.34934086629001881,0.93873729266987693,0.44645006016847172,0.64403907947994787,0.73479490930928748,0.48899667344273789,3509,229,691,371
2,13,manhattan,distance,0.80791666666666662,0.61986301369863017,0.3408662900188324,0.9406099518459069,0.43985419198055892,0.6407381209323697,0.74234184670292069,0.49652323511390051,3516,222,700,362
2,15,manhattan,distance,0.81125000000000003,0.63879003558718861,0.33804143126177022,0.94569288389513106,0.44211822660098521,0.6418671575784507,0.74483368751127277,0.49835243309048632,3535,203,703,359
2,17,manhattan,distance,0.81291666666666662,0.6518518518518519,0.33145009416195859,0.94970572498662387,0.4394506866416979,0.64057790957429117,0.74755375393349111,0.50143280035304783,3550,188,710,352
2,19,manhattan,distance,0.81312499999999999,0.65595463137996224,0.32674199623352168,0.95131086142322097,0.43620364550597107,0.63902642882837135,0.74996712644303576,0.50461654068882056,3556,182,715,347
2,21,manhattan,distance,0.81291666666666662,0.65648854961832059,0.3239171374764595,0.9518459069020867,0.43379571248423709,0.63788152218927308,0.7513755253471498,0.50717698301979541,3558,180,718,344
2,23,manhattan,distance,0.81270833333333337,0.65523809523809529,0.3239171374764595,0.95157838416265383,0.43352236925015752,0.63774776081955664,0.75089652865314649,0.50653900100012594,3557,181,718,344
2,25,manhattan,distance,0.81520833333333331,0.66794625719769674,0.32768361581920902,0.95371856607811667,0.43967150979153508,0.64070109094866279,0.75150122576803213,0.51001506995552415,3565,173,714,348
2,27,manhattan,distance,0.81479166666666669,0.66994106090373284,0.32109227871939738,0.9550561797752809,0.43411839592616169,0.63807422924733914,0.75240392608512974,0.51072247172928731,3570,168,721,341
2,29,manhattan,distance,0.81541666666666668,0.671875,0.3239171374764595,0.9550561797752809,0.43710292249047011,0.63948665862587017,0.75491503759928824,0.51476676018954981,3570,168,718,344
2,31,manhattan,distance,0.81416666666666671,0.66932270916334657,0.31638418079096048,0.95559122525414664,0.42966751918158569,0.63598770302255359,0.75638653861849436,0.51457891172070713,3572,166,726,336
3,1,euclidean,uniform,0.72229166666666667,0.37670609645131936,0.38983050847457629,0.81674692348849653,0.38315594632114763,0.60328871598153644,0.60328871598153633,0.28185152912509059,3053,685,648,414
3,3,euclidean,uniform,0.77875000000000005,0.5,0.38512241054613938,0.89058319957196364,0.43510638297872339,0.63785280505905151,0.67601673755263536,0.3763827148575698,3329,409,653,409
3,5,euclidean,uniform,0.79437500000000005,0.5539568345323741,0.36252354048964219,0.91706795077581593,0.43824701195219123,0.63979574563272901,0.69930330730654466,0.41738239491254664,3428,310,677,385
3,7,euclidean,uniform,0.79791666666666672,0.5714285714285714,0.34651600753295669,0.9261637239165329,0.43141852286049237,0.63633986572474477,0.71432198855546791,0.43925161792925038,3462,276,694,368
3,9,euclidean,uniform,0.8075,0.61057692307692313,0.35875706214689268,0.934991974317817,0.45195729537366547,0.64687451823235487,0.72434980890513168,0.45998334493714288,3495,243,681,381
3,11,euclidean,uniform,0.81145833333333328,0.63237774030354132,0.35310734463276838,0.94168004280363826,0.45317220543806647,0.64739369371820332,0.73246101271715436,0.47941890459047048,3520,218,687,375
3,13,euclidean,uniform,0.81125000000000003,0.63541666666666663,0.34463276836158191,0.9438202247191011,0.44688644688644691,0.64422649654034148,0.73705348641075163,0.48804810165737805,3528,210,696,366
3,15,euclidean,uniform,0.81229166666666663,0.64098073555166379,0.34463276836158191,0.94515783841626533,0.44825474586650338,0.64489530338892365,0.74089037210347441,0.49275572094501535,3533,205,696,366
3,17,euclidean,uniform,0.81208333333333338,0.64084507042253525,0.34274952919020718,0.9454253611556982,0.44662576687116562,0.64408744517295269,0.74549506317264846,0.49604680153520103,3534,204,698,364
3,19,euclidean,uniform,0.81374999999999997,0.647887323943662,0.34651600753295669,0.94649545211342967,0.45153374233128835,0.64650572982319321,0.74534102347852105,0.49697659658524296,3538,200,694,368
3,21,euclidean,uniform,0.81395833333333334,0.65062388591800357,0.34369114877589452,0.94756554307116103,0.44978434996919286,0.6456283459235278,0.74896794664457966,0.50134945712081336,3542,196,697,365
3,23,euclidean,uniform,0.81416666666666671,0.65287769784172667,0.34180790960451979,0.94836811128945964,0.44870210135970334,0.64508801044698971,0.74953977020250107,0.50359970185663316,3545,193,699,363
3,25,euclidean,uniform,0.81437499999999996,0.65630712979890315,0.33804143126177022,0.94970572498662387,0.44623990055935364,0.6438735781241971,0.75168536806796182,0.50890346645331741,3550,188,703,359
3,27,euclidean,uniform,0.81374999999999997,0.65671641791044777,0.33145009416195859,0.95077581594435523,0.44055068836045058,0.64111295505315691,0.75256388553855713,0.51036449061968359,3554,184,710,352
3,29,euclidean,uniform,0.81291666666666662,0.64963503649635035,0.3352165725047081,0.9486356340288925,0.44223602484472052,0.64192610326680033,0.75380489380203708,0.51006548563626497,3546,192,706,356
3,31,euclidean,uniform,0.81437499999999996,0.65630712979890315,0.33804143126177022,0.94970572498662387,0.44623990055935364,0.6438735781241971,0.75444447971109552,0.51253838466252954,3550,188,703,359
3,1,euclidean,distance,0.72229166666666667,0.37670609645131936,0.38983050847457629,0.81674692348849653,0.38315594632114763,0.60328871598153644,0.60328871598153633,0.28185152912509059,3053,685,648,414
3,3,euclidean,distance,0.77541666666666664,0.49043062200956938,0.38606403013182672,0.8860353130016051,0.43203371970495258,0.63604967156671588,0.67200515598439781,0.40115425520168441,3312,426,652,410
3,5,euclidean,distance,0.79020833333333329,0.53751705320600274,0.37099811676082861,0.9093097913322632,0.43899721448467965,0.64015395404654596,0.69637189288208134,0.44556971778177956,3399,339,668,394
3,7,euclidean,distance,0.79625000000000001,0.56213017751479288,0.35781544256120529,0.92081326912787587,0.43728423475258921,0.63931435584454055,0.71191088318778284,0.4673730322506891,3442,296,682,380
3,9,euclidean,distance,0.80354166666666671,0.59139784946236562,0.36252354048964219,0.92883895131086147,0.44950379451255107,0.64568124590025189,0.72290866239637896,0.48530584907177521,3472,266,677,385
3,11,euclidean,distance,0.80874999999999997,0.61612903225806448,0.35969868173258002,0.93632958801498123,0.45422116527942924,0.64801413487378068,0.73038884505747959,0.5022886795305781,3500,238,680,382
3,13,euclidean,distance,0.80937499999999996,0.62394603709949414,0.34839924670433148,0.94034242910647403,0.44712990936555891,0.64437083790540273,0.73488055689065024,0.50977588139616359,3515,223,692,370
3,15,euclidean,distance,0.81187500000000001,0.63316582914572861,0.3559322033898305,0.9414125200642055,0.45569620253164556,0.64867236172701803,0.7392364921168959,0.51324303478192501,3519,219,684,378
3,17,euclidean,distance,0.81270833333333337,0.6402753872633391,0.35028248587570621,0.94408774745853397,0.45283018867924529,0.64718511666712009,0.74330311485139133,0.51397959183238662,3529,209,690,372
3,19,euclidean,distance,0.81354166666666672,0.64572425828970337,0.34839924670433148,0.94569288389513106,0.45259938837920488,0.6470460652997313,0.74336470553857714,0.51271716268145262,3535,203,692,370
3,21,euclidean,distance,0.81395833333333334,0.64746945898778363,0.34934086629001881,0.94596040663456393,0.45382262996941897,0.64765063646229137,0.74696014062325244,0.51637168964700664,3536,202,691,371
3,23,euclidean,distance,0.81374999999999997,0.64736842105263159,0.34745762711864409,0.9462279293739968,0.45220588235294118,0.64684277824632042,0.74772492314389094,0.51861418314995156,3537,201,693,369
3,25,euclidean,distance,0.81395833333333334,0.64955752212389384,0.3455743879472693,0.9470304975922953,0.45113706207744314,0.64630244276978233,0.74989961599654986,0.52250820939894305,3540,198,695,367
3,27,euclidean,distance,0.81395833333333334,0.651705565529623,0.34180790960451979,0.94810058855002677,0.4484249536751081,0.64495424907727328,0.7507053330229867,0.52333294307057332,3544,194,699,363
3,29,euclidean,distance,0.81312499999999999,0.64811490125673255,0.339924670433145,0.94756554307116103,0.44595429277331688,0.64374510675215302,0.75161710190752273,0.52274486253767505,3542,196,701,361
3,31,euclidean,distance,0.81437499999999996,0.65350089766606823,0.34274952919020718,0.94836811128945964,0.44966028412600373,0.64555882023983346,0.75251438627462253,0.52499347917808059,3545,193,698,364
3,1,manhattan,uniform,0.71937499999999999,0.37242614145031333,0.39171374764595102,0.81246655965757086,0.38182652592932537,0.60209015365176088,0.602090153651761,0.28046777292215663,3037,701,646,416
3,3,manhattan,uniform,0.77041666666666664,0.47555012224938875,0.36629001883239171,0.8852327447833066,0.41382978723404257,0.62576138180784913,0.67297146222588999,0.36954481975859643,3309,429,673,389
3,5,manhattan,uniform,0.7935416666666667,0.55078683834048636,0.36252354048964219,0.91599785981808457,0.43725156161272005,0.63926070015386338,0.69772713990482038,0.41482399103015438,3424,314,677,385
3,7,manhattan,uniform,0.80249999999999999,0.58906250000000004,0.35499058380414311,0.92964151952915997,0.44300822561692127,0.64231605166665151,0.71348327201974127,0.44636426518434003,3475,263,685,377
3,9,manhattan,uniform,0.8052083333333333,0.60636515912897826,0.3408662900188324,0.93713215623327983,0.43640747438215793,0.63899922312605617,0.72488384676539308,0.46085149612042436,3503,235,700,362
3,11,manhattan,uniform,0.80687500000000001,0.61821366024518387,0.33239171374764598,0.94168004280363826,0.43233312921004285,0.63703587827564212,0.72940792834622592,0.46407862951348483,3520,218,709,353
3,13,manhattan,uniform,0.80874999999999997,0.6333333333333333,0.32203389830508472,0.9470304975922953,0.42696629213483145,0.63453219794868998,0.73244149010669668,0.47439011273875437,3540,198,720,342
3,15,manhattan,uniform,0.81166666666666665,0.64738805970149249,0.32674199623352168,0.949438202247191,0.43429286608260326,0.63809009924035631,0.73661441660394233,0.47719137806008816,3549,189,715,347
3,17,manhattan,uniform,0.81020833333333331,0.64603481624758219,0.31450094161958569,0.9510433386837881,0.42305256491450283,0.63277214015168692,0.74101456109645025,0.48550431849895054,3555,183,728,334
3,19,manhattan,uniform,0.80854166666666671,0.64271457085828343,0.3032015065913371,0.95211342964151957,0.41202815099168266,0.62765746811642831,0.74359897686406917,0.48909087960079595,3559,179,740,322
3,21,manhattan,uniform,0.80791666666666662,0.6411290322580645,0.29943502824858759,0.95238095238095233,0.40821566110397944,0.62590799031476996,0.74398829550229295,0.49229089879223054,3560,178,744,318
3,23,manhattan,uniform,0.80812499999999998,0.64300202839756593,0.29849340866290019,0.95291599785981806,0.40771704180064311,0.62570470326135919,0.74496291459726993,0.49368958439775712,3562,176,745,317
3,25,manhattan,uniform,0.80958333333333332,0.65102040816326534,0.30037664783427498,0.9542536115569823,0.41108247422680411,0.62731512969562864,0.74729693714172862,0.49718698163632558,3567,171,743,319
3,27,manhattan,uniform,0.81020833333333331,0.65631469979296064,0.29849340866290019,0.95559122525414664,0.41035598705501619,0.62704231695852342,0.74866100082725495,0.49826577124371824,3572,166,745,317
3,29,manhattan,uniform,0.80895833333333333,0.65392781316348192,0.29001883239171372,0.95639379347244513,0.40182648401826482,0.6232063129320794,0.74953347258622438,0.49864073884756716,3575,163,754,308
3,31,manhattan,uniform,0.80854166666666671,0.65180467091295113,0.28907721280602638,0.95612627073301226,0.40052185257664707,0.62260174176951932,0.74797204160658737,0.50143360350270005,3574,164,755,307
3,1,manhattan,distance,0.71937499999999999,0.37242614145031333,0.39171374764595102,0.81246655965757086,0.38182652592932537,0.60209015365176088,0.602090153651761,0.28046777292215663,3037,701,646,416
3,3,manhattan,distance,0.76812499999999995,0.4694610778443114,0.36911487758945388,0.88148742643124667,0.41328413284132842,0.6253011520103503,0.67162175710547445,0.39803242636401442,3295,443,670,392
3,5,manhattan,distance,0.79062500000000002,0.53888130968622105,0.371939736346516,0.90957731407169606,0.44011142061281339,0.64075852520910603,0.69530192787667555,0.44387302570540055,3400,338,667,395
3,7,manhattan,distance,0.79916666666666669,0.57227138643067843,0.36534839924670431,0.92241840556447297,0.4459770114942529,0.64388340240558861,0.71175873277853841,0.47528750305391998,3448,290,674,388
3,9,manhattan,distance,0.801875,0.58767772511848337,0.35028248587570621,0.9301765650080257,0.43893805309734513,0.64022952544186595,0.72236190335123873,0.48760919234608047,3477,261,690,372
3,11,manhattan,distance,0.80458333333333332,0.60299003322259137,0.34180790960451979,0.93606206527554847,0.43629807692307693,0.63893498744003407,0.7267431549949166,0.49070819283514278,3499,239,699,363
3,13,manhattan,distance,0.80854166666666671,0.62478184991273999,0.33709981167608288,0.94248261102193687,0.43792048929663607,0.63979121134900985,0.73047348502023801,0.4982131122731947,3523,215,704,358
3,15,manhattan,distance,0.80958333333333332,0.63261648745519716,0.33239171374764598,0.94515783841626533,0.43580246913580245,0.63877477608195565,0.73486519070693512,0.49928667777461616,3533,205,709,353
3,17,manhattan,distance,0.80958333333333332,0.63754646840148699,0.32297551789077211,0.9478330658105939,0.42875000000000002,0.63540429185068303,0.73906015886114917,0.50554330173974238,3543,195,719,343
3,19,manhattan,distance,0.80958333333333332,0.64068441064638781,0.31732580037664782,0.949438202247191,0.4244332493702771,0.63338200131191935,0.74181524002986576,0.5083445265652512,3549,189,725,337
3,21,manhattan,distance,0.80937499999999996,0.64161849710982655,0.3135593220338983,0.9502407704654896,0.42125237191650855,0.63190004624969398,0.74214901369252906,0.51174891522969845,3552,186,729,333
3,23,manhattan,distance,0.80979166666666669,0.64636542239685657,0.30979284369114879,0.9518459069020867,0.41884150222788036,0.6308193752966178,0.74360275543383525,0.51231036783784856,3558,180,733,329
3,25,manhattan,distance,0.81020833333333331,0.64891518737672582,0.30979284369114879,0.95238095238095233,0.41937539834289356,0.63108689803605056,0.74585742801320787,0.51478873825772753,3560,178,733,329
3,27,manhattan,distance,0.81166666666666665,0.65863453815261042,0.3088512241054614,0.95452113429641516,0.42051282051282052,0.63168617920093828,0.74687726399305143,0.51553787362150671,3568,170,734,328
3,29,manhattan,distance,0.80958333333333332,0.65226337448559668,0.29849340866290019,0.95478865703584803,0.40956072351421191,0.62664103284937411,0.74792669876939544,0.51553772970412015,3569,169,745,317
3,31,manhattan,distance,0.81000000000000005,0.65690376569037656,0.29566854990583802,0.95612627073301226,0.40779220779220782,0.62589741031942514,0.74712324888481818,0.51714834073918348,3574,164,748,314
4,1,euclidean,uniform,0.72666666666666668,0.3800383877159309,0.3728813559322034,0.82718031032637773,0.37642585551330798,0.60003083312929051,0.60003083312929051,0.28045922931780476,3092,646,666,396
4,3,euclidean,uniform,0.77666666666666662,0.49360613810741688,0.36346516007532959,0.8940609951845907,0.41865509761388287,0.6287630776299602,0.67028351364668259,0.3640088617745737,3342,396,676,386
4,5,euclidean,uniform,0.79166666666666663,0.54654654654654655,0.34274952919020718,0.91920813269127877,0.42129629629629628,0.63097883094074292,0.70335783861778911,0.41085250869222523,3436,302,698,364
4,7,euclidean,uniform,0.79604166666666665,0.56769983686786296,0.32768361581920902,0.92910647405029423,0.41552238805970149,0.62839504493475162,0.71769473992860022,0.42991060570236106,3473,265,714,348
4,9,euclidean,uniform,0.801875,0.59519725557461411,0.32674199623352168,0.93686463349384697,0.42188449848024318,0.63180331486368435,0.72286609051034878,0.43799442960641988,3502,236,715,347
4,11,euclidean,uniform,0.80291666666666661,0.60069444444444442,0.32580037664783429,0.93846976993044406,0.42246642246642246,0.6321350732891392,0.72891003880339245,0.44822459127921416,3508,230,716,346
4,13,euclidean,uniform,0.80374999999999996,0.60344827586206895,0.3295668549905838,0.93846976993044406,0.42630937880633374,0.63401831246051388,0.73140918484662532,0.45920726672684187,3508,230,712,350
4,15,euclidean,uniform,0.80395833333333333,0.60746003552397865,0.32203389830508472,0.94087747458533977,0.4209230769230769,0.63145568644521222,0.73452499347566946,0.46614921903181816,3517,221,720,342
4,17,euclidean,uniform,0.80354166666666671,0.60759493670886078,0.31638418079096048,0.94194756554307113,0.41609907120743034,0.62916587316701578,0.73730148653972682,0.47122355910693731,3521,217,726,336
4,19,euclidean,uniform,0.80395833333333333,0.6098003629764065,0.31638418079096048,0.94248261102193687,0.41661500309981403,0.62943339590644865,0.74211147989952031,0.47482406720691478,3523,215,726,336
4,21,euclidean,uniform,0.8052083333333333,0.61482820976491859,0.32015065913370999,0.9430176565008026,0.42105263157894735,0.6315841578172563,0.7433755374385731,0.48038868879049046,3525,213,722,340
4,23,euclidean,uniform,0.80708333333333337,0.62274368231046928,0.3248587570621469,0.94408774745853397,0.42698019801980197,0.63447325226034046,0.74544027391104151,0.48552792400100436,3529,209,717,345
4,25,euclidean,uniform,0.8075,0.62454873646209386,0.32580037664783429,0.94435527019796683,0.42821782178217821,0.63507782342290053,0.74696265966976316,0.48695483593915501,3530,208,716,346
4,27,euclidean,uniform,0.80666666666666664,0.62361623616236161,0.31826741996233521,0.9454253611556982,0.42144638403990026,0.6318463905590167,0.74888091358763609,0.49073283495751252,3534,204,724,338
4,29,euclidean,uniform,0.80729166666666663,0.62708719851576999,0.31826741996233521,0.9462279293739968,0.42223610243597753,0.632247674668166,0.74912123062475378,0.49252575090668216,3537,201,724,338
4,31,euclidean,uniform,0.80770833333333336,0.63088512241054617,0.31544256120527309,0.94756554307116103,0.42059008160703076,0.63150405213821703,0.75055595356490434,0.49449934551287372,3542,196,727,335
4,1,euclidean,distance,0.72666666666666668,0.3800383877159309,0.3728813559322034,0.82718031032637773,0.37642585551330798,0.60003083312929051,0.60003083312929051,0.28045922931780476,3092,646,666,396
4,3,euclidean,distance,0.77145833333333336,0.47815230961298377,0.36064030131826741,0.88817549491706793,0.41116478797638217,0.62440789811766773,0.66792644182665128,0.38612311363204516,3320,418,679,383
4,5,euclidean,distance,0.78583333333333338,0.52478134110787167,0.33898305084745761,0.91278758694489026,0.41189931350114417,0.62588531889617394,0.69909246311360207,0.43327431468091893,3412,326,702,360
4,7,euclidean,distance,0.79312499999999997,0.55484896661367245,0.32862523540489641,0.92509363295880154,0.41277350680070962,0.62685943418184897,0.71323753903262577,0.4508332370175705,3458,280,713,349
4,9,euclidean,distance,0.79812499999999997,0.5761047463175123,0.33145009416195859,0.93071161048689144,0.42080095636580994,0.63108085232442501,0.72023368690670164,0.45535856801625108,3479,259,710,352
4,11,euclidean,distance,0.80083333333333329,0.58833333333333337,0.33239171374764598,0.93392188336008564,0.42478941034897716,0.63315679855386575,0.72689303826230123,0.46252915705383285,3491,247,709,353
4,13,euclidean,distance,0.80291666666666661,0.59797297297297303,0.33333333333333331,0.93632958801498123,0.42805320435308342,0.6348314606741573,0.72940830620320241,0.46904228341804971,3500,238,708,354
4,15,euclidean,distance,0.80312499999999998,0.60245183887915932,0.3239171374764595,0.93927233814874267,0.421310471524801,0.63159473781260111,0.73332366019473239,0.47437648564455875,3511,227,718,344
4,17,euclidean,distance,0.80270833333333336,0.6014109347442681,0.32109227871939738,0.93953986088817554,0.41866175567833025,0.63031606980378641,0.73630016555173661,0.47806104402709693,3512,226,721,341
4,19,euclidean,distance,0.80312499999999998,0.60427807486631013,0.3192090395480226,0.9406099518459069,0.41774491682070242,0.62990949569696475,0.74072613027097889,0.48038498410587388,3516,222,723,339
4,21,euclidean,distance,0.80458333333333332,0.61032028469750887,0.32297551789077211,0.9414125200642055,0.42241379310344829,0.63219401897748884,0.74234285432152503,0.48364699001895506,3519,219,719,343
4,23,euclidean,distance,0.80625000000000002,0.61702127659574468,0.32768361581920902,0.942215088282504,0.4280442804428044,0.63494935205085645,0.74450167718116667,0.48797811400206159,3522,216,714,348
4,25,euclidean,distance,0.8075,0.62234042553191493,0.33050847457627119,0.9430176565008026,0.43173431734317341,0.6367630655385369,0.7460073112805925,0.48817062355064383,3525,213,711,351
4,27,euclidean,distance,0.80645833333333339,0.620253164556962,0.32297551789077211,0.9438202247191011,0.42476780185758511,0.63339787130493663,0.74754569298465701,0.4909252444641049,3528,210,719,343
4,29,euclidean,distance,0.80645833333333339,0.62068965517241381,0.32203389830508472,0.94408774745853397,0.42405455672659642,0.63306082288180932,0.7482995176529742,0.49222094896797408,3529,209,720,342
4,31,euclidean,distance,0.80625000000000002,0.62087912087912089,0.3192090395480226,0.9446227929373997,0.42164179104477612,0.63191591624271115,0.74955954471760988,0.49435929808538914,3531,207,723,339
4,1,manhattan,uniform,0.72187500000000004,0.37061611374407583,0.36817325800376649,0.82236490101658644,0.36939064714218234,0.59526907951017649,0.59526907951017649,0.2762426087325176,3074,664,671,391
4,3,manhattan,uniform,0.76624999999999999,0.46202531645569622,0.34369114877589452,0.88630283574103796,0.39416846652267817,0.61499699225846627,0.66199723610216843,0.34991353542405834,3313,425,697,365
4,5,manhattan,uniform,0.78479166666666667,0.52187028657616896,0.32580037664783429,0.91519529159978596,0.40115942028985507,0.6204978341238101,0.69085278792953519,0.39395198629641037,3421,317,716,346
4,7,manhattan,uniform,0.79062500000000002,0.54695222405271826,0.31261770244821091,0.92643124665596577,0.39784301977231873,0.61952447455208837,0.70696549107804108,0.41624349484716677,3463,275,730,332
4,9,manhattan,uniform,0.79312499999999997,0.56127886323268206,0.2975517890772128,0.93392188336008564,0.38892307692307693,0.61573683621864927,0.7155764737177801,0.4312770970884387,3491,247,746,316
4,11,manhattan,uniform,0.79729166666666662,0.58225508317929764,0.29661016949152541,0.93953986088817554,0.3930131004366812,0.61807501518985042,0.72131637309698626,0.44461210677179563,3512,226,747,315
4,13,manhattan,uniform,0.8002083333333333,0.5988483685220729,0.29378531073446329,0.94408774745853397,0.39418825015792797,0.61893652909649866,0.72897125163360155,0.45132304559547098,3529,209,750,312
4,15,manhattan,uniform,0.801875,0.60818713450292394,0.29378531073446329,0.9462279293739968,0.3961904761904762,0.62000662005423002,0.73381814902477627,0.46130786858341782,3537,201,750,312
4,17,manhattan,uniform,0.80270833333333336,0.61523046092184364,0.28907721280602638,0.9486356340288925,0.39333760409993596,0.61885642341745939,0.73762921449076468,0.46463096079906069,3546,192,755,307
4,19,manhattan,uniform,0.801875,0.61349693251533743,0.2824858757062147,0.949438202247191,0.38684719535783363,0.61596203897670287,0.73879956349962062,0.46821938735324875,3549,189,762,300
4,21,manhattan,uniform,0.80291666666666661,0.62083333333333335,0.28060263653483991,0.95131086142322097,0.38651102464332038,0.61595674897903041,0.74161359035668684,0.47317583082410286,3556,182,764,298
4,23,manhattan,uniform,0.80208333333333337,0.61715481171548114,0.27777777777777779,0.9510433386837881,0.38311688311688313,0.61441055823078294,0.7434334755083184,0.47652971053236931,3555,183,767,295
4,25,manhattan,uniform,0.80229166666666663,0.61894736842105258,0.2768361581920904,0.95157838416265383,0.38256343526350034,0.61420727117737206,0.74356093926175815,0.47941891786513247,3557,181,768,294
4,27,manhattan,uniform,0.80145833333333338,0.61670235546038543,0.2711864406779661,0.95211342964151957,0.37671680837148463,0.61164993515974286,0.7444564602963003,0.48372006852820437,3559,179,774,288
4,29,manhattan,uniform,0.80208333333333337,0.61914893617021272,0.27401129943502822,0.95211342964151957,0.37989556135770236,0.6130623645382739,0.74324353940141408,0.48227003499740356,3559,179,771,291
4,31,manhattan,uniform,0.801875,0.61987041036717061,0.27024482109227871,0.95291599785981806,0.37639344262295082,0.61158040947604841,0.74568877784931875,0.48413150342427169,3562,176,775,287
4,1,manhattan,distance,0.72187500000000004,0.37061611374407583,0.36817325800376649,0.82236490101658644,0.36939064714218234,0.59526907951017649,0.59526907951017649,0.2762426087325176,3074,664,671,391
4,3,manhattan,distance,0.76270833333333332,0.45205479452054792,0.34180790960451979,0.88228999464954516,0.38927613941018768,0.61204895212703248,0.6615674867674487,0.37351452520194639,3298,440,699,363
4,5,manhattan,distance,0.78125,0.50884955752212391,0.3248587570621469,0.91091492776886041,0.39655172413793105,0.61788684241550362,0.6905721661482469,0.4193900867250604,3405,333,717,345
4,7,manhattan,distance,0.78895833333333332,0.53870458135860977,0.32109227871939738,0.92188336008560723,0.40235988200589973,0.62148781940250231,0.70363279254442845,0.43600265335788108,3446,292,721,341
4,9,manhattan,distance,0.79229166666666662,0.55517826825127337,0.30790960451977401,0.92990904226859283,0.39612356147789218,0.61890932339418336,0.7131595745431204,0.44715779536940486,3476,262,735,327
4,11,manhattan,distance,0.79458333333333331,0.56643356643356646,0.30508474576271188,0.93365436062065277,0.39657282741738065,0.6193695531916823,0.71962886383949043,0.4571689581696623,3490,248,738,324
4,13,manhattan,distance,0.79812499999999997,0.58408679927667273,0.30414312617702449,0.93846976993044406,0.40000000000000002,0.62130644805373425,0.72565681618719124,0.46183953834854469,3508,230,739,323
4,15,manhattan,distance,0.79979166666666668,0.59198542805100185,0.30602636534839922,0.94007490636704116,0.40347610180012417,0.62305063585772014,0.73040559671677552,0.46842242170876802,3514,224,737,325
4,17,manhattan,distance,0.8002083333333333,0.59772296015180271,0.29661016949152541,0.94328517924023547,0.3964757709251101,0.6199476743658805,0.73442259423501099,0.47114747841319726,3526,212,747,315
4,19,manhattan,distance,0.80249999999999999,0.61176470588235299,0.29378531073446329,0.9470304975922953,0.39694656488549618,0.62040790416337932,0.73612521777157081,0.4738319892329701,3540,198,750,312
4,21,manhattan,distance,0.801875,0.60990099009900989,0.29001883239171372,0.94729802033172816,0.39310784939374599,0.61865842636172097,0.73899113698675678,0.47719710536556931,3541,197,754,308
4,23,manhattan,distance,0.80145833333333338,0.60878243512974051,0.2871939736346516,0.94756554307116103,0.39027511196417147,0.61737975835290637,0.74057284629080478,0.47940757014659208,3542,196,757,305
4,25,manhattan,distance,0.80229166666666663,0.61368209255533201,0.2871939736346516,0.9486356340288925,0.39127645926876203,0.61791480383177211,0.74119631030219491,0.48128317023319767,3546,192,757,305
4,27,manhattan,distance,0.80166666666666664,0.61316872427983538,0.28060263653483991,0.94970572498662387,0.38501291989664083,0.61515418076073192,0.74232219814013767,0.4842337032043918,3550,188,764,298
4,29,manhattan,distance,0.80166666666666664,0.61224489795918369,0.2824858757062147,0.94917067950775813,0.38659793814432991,0.61582827760698644,0.74176284386244395,0.48272511842279631,3548,190,762,300
4,31,manhattan,distance,0.80125000000000002,0.61157024793388426,0.27871939736346518,0.94970572498662387,0.38292367399741267,0.61421256117504452,0.74401739048949111,0.48419708098593939,3550,188,766,296
5,1,euclidean,uniform,0.73583333333333334,0.39980638915779282,0.38925541941564562,0.83418026210216634,0.39446036294173831,0.61171784075890601,0.61171784075890601,0.29062680369667149,3119,620,648,413
5,3,euclidean,uniform,0.77562500000000001,0.4891008174386921,0.33836003770028278,0.89970580369082642,0.40000000000000002,0.6190329206955546,0.67024591645389475,0.36380153818933003,3364,375,702,359
5,5,euclidean,uniform,0.791875,0.5478395061728395,0.33459000942507067,0.92163680128376568,0.41544763019309539,0.62811340535441818,0.69533893829691817,0.40599227057216408,3446,293,706,355
5,7,euclidean,uniform,0.80041666666666667,0.58833619210977706,0.3232799245994345,0.93581171436212895,0.41727493917274938,0.6295458194807817,0.71439930992047296,0.4298477632854929,3499,240,718,343
5,9,euclidean,uniform,0.80583333333333329,0.61415929203539821,0.32704995287464655,0.9416956405456004,0.42681426814268142,0.63437279671012348,0.72770746435853684,0.44879997640734776,3521,218,714,347
5,11,euclidean,uniform,0.80833333333333335,0.62522202486678513,0.33176248821866167,0.94356779887670506,0.43349753694581283,0.63766514354768333,0.73462955993566048,0.45897640922471394,3528,211,709,352
5,13,euclidean,uniform,0.80895833333333333,0.62676056338028174,0.33553251649387372,0.94330034768654725,0.43707796193984039,0.63941643209021048,0.73617011408141864,0.47021288177452564,3527,212,705,356
5,15,euclidean,uniform,0.80854166666666671,0.62678571428571428,0.33081998114985861,0.94410270125702056,0.43306600863664407,0.63746134120343956,0.73777809819265006,0.47445715589590404,3530,209,710,351
5,17,euclidean,uniform,0.80874999999999997,0.63071297989031083,0.32516493873704055,0.94597485958812522,0.42910447761194032,0.63556989916258289,0.73953241163082462,0.4796084756545993,3537,202,716,345
5,19,euclidean,uniform,0.81145833333333328,0.64338235294117652,0.32987747408105561,0.94811446910938757,0.43613707165109034,0.63899597159522159,0.74381352123312905,0.48588347920762825,3545,194,711,350
5,21,euclidean,uniform,0.81208333333333338,0.64587155963302756,0.33176248821866167,0.94838192029954538,0.43835616438356162,0.64007220425910349,0.74102582781941073,0.48715024737230028,3546,193,709,352
5,23,euclidean,uniform,0.81312499999999999,0.6518518518518519,0.33176248821866167,0.94971917625033431,0.4397251717676452,0.64074083223449796,0.74367752696631451,0.48874560725361299,3551,188,709,352
5,25,euclidean,uniform,0.81354166666666672,0.65900383141762453,0.3242224316682375,0.95239368815191228,0.43461781427668983,0.63830805991007489,0.7472235869263002,0.49232732050768824,3561,178,717,344
5,27,euclidean,uniform,0.81479166666666669,0.66475095785440608,0.32704995287464655,0.9531960417223857,0.43840808591282376,0.64012299729851607,0.74756880314205987,0.49323101917338247,3564,175,714,347
5,29,euclidean,uniform,0.81437499999999996,0.66159695817490494,0.32799245994344955,0.95239368815191228,0.43856332703213613,0.64019307404768089,0.74791036427557911,0.49750300498684608,3561,178,713,348
5,31,euclidean,uniform,0.81458333333333333,0.66410748560460653,0.32610744580584355,0.9531960417223857,0.43742098609355246,0.6396517437641146,0.74898382411845077,0.50077438494317872,3564,175,715,346
5,1,euclidean,distance,0.73583333333333334,0.39980638915779282,0.38925541941564562,0.83418026210216634,0.39446036294173831,0.61171784075890601,0.61171784075890601,0.29062680369667149,3119,620,648,413
5,3,euclidean,distance,0.77479166666666666,0.48677248677248675,0.34684260131950989,0.89622893821877503,0.4050632911392405,0.62153576976914249,0.67230700472564309,0.39660548386094757,3351,388,693,368
5,5,euclidean,distance,0.79000000000000004,0.53914327917282123,0.34401508011310084,0.91655522867076755,0.42002301495972383,0.63028515439193422,0.69763332164547276,0.43958618993877674,3427,312,696,365
5,7,euclidean,distance,0.79729166666666662,0.57236842105263153,0.32799245994344955,0.93046269055897302,0.4170161773517076,0.62922757525121131,0.71352637545156017,0.46119252716256526,3479,260,713,348
5,9,euclidean,distance,0.8041666666666667,0.60413080895008608,0.33081998114985861,0.93848622626370692,0.42752740560292324,0.63465310370678274,0.72622362700616749,0.47637904924531188,3509,230,710,351
5,11,euclidean,distance,0.80708333333333337,0.61904761904761907,0.33081998114985861,0.94223054292591601,0.43120393120393119,0.63652526203788728,0.73448928040001216,0.48230252356583508,3523,216,710,351
5,13,euclidean,distance,0.80895833333333333,0.62676056338028174,0.33553251649387372,0.94330034768654725,0.43707796193984039,0.63941643209021048,0.7358627090612514,0.49013826071882788,3527,212,705,356
5,15,euclidean,distance,0.80770833333333336,0.62190812720848054,0.33176248821866167,0.94276544530623163,0.43269821757836507,0.63726396676244668,0.73799853746295452,0.49190664988761623,3525,214,709,352
5,17,euclidean,distance,0.80895833333333333,0.62949640287769781,0.32987747408105561,0.94490505482749398,0.4329004329004329,0.63739126445427474,0.73934927940683826,0.49662815994790943,3533,206,711,350
5,19,euclidean,distance,0.81187500000000001,0.6441605839416058,0.33270499528746467,0.94784701791922976,0.43878185208203851,0.64027600660334727,0.74301973820032319,0.50281564061480166,3544,195,708,353
5,21,euclidean,distance,0.81270833333333337,0.6478102189781022,0.33459000942507067,0.94838192029954538,0.44126786824114356,0.64148596486230802,0.74154837854249944,0.50389105556904756,3546,193,706,355
5,23,euclidean,distance,0.8125,0.6487985212569316,0.33081998114985861,0.94918427387001869,0.43820224719101125,0.64000212750993868,0.74417020684488511,0.50445764394647308,3549,190,710,351
5,25,euclidean,distance,0.81437499999999996,0.65917602996254676,0.33176248821866167,0.95132388339128104,0.44137931034482758,0.64154318580497138,0.74718980892490428,0.50751867347441193,3557,182,709,352
5,27,euclidean,distance,0.81541666666666668,0.66294227188081933,0.33553251649387372,0.95159133458143885,0.4455569461827284,0.64356192553765634,0.74790091147668092,0.50866838492643385,3558,181,705,356
5,29,euclidean,distance,0.8158333333333333,0.66666666666666663,0.33364750235626767,0.95266113934207008,0.44472361809045224,0.6431543208491689,0.74846858355984347,0.51136401148449973,3562,177,707,354
5,31,euclidean,distance,0.8158333333333333,0.66729678638941403,0.33270499528746467,0.95292859053222789,0.44402515723270441,0.64281679290984628,0.74938374053050116,0.51390223319839023,3563,176,708,353
5,1,manhattan,uniform,0.73187500000000005,0.39196940726577439,0.38642789820923656,0.82990104305964163,0.38917892738490745,0.60816447063443912,0.60816447063443912,0.28709291421203342,3103,636,651,410
5,3,manhattan,uniform,0.7779166666666667,0.49665327978580992,0.34967012252591895,0.89943835250066861,0.41039823008849557,0.62455423751329375,0.67052836608497079,0.36873042250184762,3363,376,690,371
5,5,manhattan,uniform,0.79208333333333336,0.54976303317535546,0.32799245994344955,0.92377641080502804,0.41086186540731995,0.62588443537423877,0.70553460115112399,0.41293202194704604,3454,285,713,348
5,7,manhattan,uniform,0.8002083333333333,0.58762886597938147,0.3223374175306315,0.93581171436212895,0.41631162507608033,0.62907456594638023,0.72200175494362473,0.43573517821108604,3499,240,719,342
5,9,manhattan,uniform,0.80708333333333337,0.62340036563071299,0.32139491046182844,0.94490505482749398,0.42412935323383083,0.63314998264466116,0.7262308111333301,0.45361823401544915,3533,206,720,341
5,11,manhattan,uniform,0.80874999999999997,0.63265306122448983,0.32139491046182844,0.94704466434875634,0.42625000000000002,0.63421978740529239,0.73568890359884442,0.46618496758828359,3541,198,720,341
5,13,manhattan,uniform,0.81083333333333329,0.64245810055865926,0.32516493873704055,0.94864937148970307,0.43178973717146435,0.63690715511337181,0.73960009367093527,0.47460370288796366,3547,192,716,345
5,15,manhattan,uniform,0.81000000000000005,0.64466019417475728,0.31291234684260133,0.95105643220112335,0.42131979695431471,0.63198438952186231,0.74051663705209814,0.47882960601407831,3556,183,729,332
5,17,manhattan,uniform,0.81145833333333328,0.65600000000000003,0.30914231856738927,0.95399839529285901,0.42024343369634848,0.63157035693012409,0.74140078884236993,0.48407314913698524,3567,172,733,328
5,19,manhattan,uniform,0.8125,0.66328600405679516,0.30819981149858622,0.95560310243380586,0.42084942084942084,0.63190145696619604,0.7431176691969078,0.49083201556127326,3573,166,734,327
5,21,manhattan,uniform,0.81187500000000001,0.66527196652719667,0.29971724787935911,0.9572078095747526,0.41325536062378165,0.62846252872705588,0.74599459703222448,0.49527584558048754,3579,160,743,318
5,23,manhattan,uniform,0.81458333333333333,0.68387096774193545,0.29971724787935911,0.96068467504680399,0.41677588466579291,0.63020096146308158,0.7467629205266646,0.50011305087037827,3592,147,743,318
5,25,manhattan,uniform,0.81479166666666669,0.69026548672566368,0.29406220546654099,0.96255683337790854,0.4124256444150694,0.62830951942222479,0.7489163941529775,0.5023681246628644,3599,140,749,312
5,27,manhattan,uniform,0.81437499999999996,0.68888888888888888,0.29217719132893499,0.96255683337790854,0.41032428855062875,0.62736701235342174,0.75032082799460253,0.50558473597204401,3599,140,751,310
5,29,manhattan,uniform,0.81270833333333337,0.68325791855203621,0.28463713477851083,0.96255683337790854,0.40186294078509649,0.62359698407820963,0.75150457049128594,0.50838883829318315,3599,140,759,302
5,31,manhattan,uniform,0.81270833333333337,0.68663594470046085,0.28086710650329877,0.96362663813853977,0.39866220735785951,0.62224687232091924,0.75042997631254638,0.50857147863612728,3603,136,763,298
5,1,manhattan,distance,0.73187500000000005,0.39196940726577439,0.38642789820923656,0.82990104305964163,0.38917892738490745,0.60816447063443912,0.60816447063443912,0.28709291421203342,3103,636,651,410
5,3,manhattan,distance,0.7779166666666667,0.49673202614379086,0.35815268614514612,0.89703129178924845,0.41621029572836804,0.62759198896719726,0.67192460750088412,0.40310487045699117,3354,385,681,380
5,5,manhattan,distance,0.78708333333333336,0.52941176470588236,0.33081998114985861,0.91655522867076755,0.40719257540603249,0.62368760491031305,0.70332125979845628,0.4492672356924155,3427,312,710,351
5,7,manhattan,distance,0.79666666666666663,0.57024793388429751,0.32516493873704055,0.93046269055897302,0.41416566626650658,0.62781381464800678,0.71913667461626052,0.46726316477391849,3479,260,716,345
5,9,manhattan,distance,0.80437499999999995,0.60892857142857137,0.32139491046182844,0.94142818935544259,0.42072794571252314,0.63141154990863546,0.72552500214893634,0.48268196929462992,3520,219,720,341
5,11,manhattan,distance,0.80833333333333335,0.62566844919786091,0.33081998114985861,0.94383525006686275,0.43279901356350187,0.63732761560836071,0.73389337595747406,0.49237418354287965,3529,210,710,351
5,13,manhattan,distance,0.81104166666666666,0.64206642066420661,0.32799245994344955,0.94811446910938757,0.43418590143480973,0.63805346452641853,0.73860213018192988,0.49870030113767339,3545,194,713,348
5,15,manhattan,distance,0.81229166666666663,0.65209125475285168,0.3232799245994345,0.95105643220112335,0.43226212980466289,0.63716817840027895,0.74049571485720356,0.50195122421763771,3556,183,718,343
5,17,manhattan,distance,0.81312499999999999,0.65648854961832059,0.3242224316682375,0.95185878577159666,0.43406940063091481,0.63804060871991708,0.74189435098217094,0.50531032445248414,3559,180,717,344
5,19,manhattan,distance,0.81395833333333334,0.66733067729083662,0.31573986804901039,0.95533565124364805,0.42866282789507359,0.63553775964632919,0.7435639673422183,0.51082913902538507,3572,167,726,335
5,21,manhattan,distance,0.81395833333333334,0.66867469879518071,0.31385485391140433,0.95587055362396367,0.42719692110327134,0.63486270376768394,0.74652912130058402,0.51435141844729082,3574,165,728,333
5,23,manhattan,distance,0.81479166666666669,0.67695473251028804,0.31008482563619227,0.95801016314522602,0.42533936651583709,0.63404749439070918,0.74787393949049163,0.51744114006169717,3582,157,732,329
5,25,manhattan,distance,0.81541666666666668,0.6811594202898551,0.31008482563619227,0.95881251671569934,0.42616580310880831,0.63444867117594583,0.74997523366688701,0.51982621458460487,3585,154,732,329
5,27,manhattan,distance,0.81520833333333331,0.68669527896995708,0.30160226201696511,0.9609521262369618,0.41912246234446626,0.63127719412696348,0.75090614530237487,0.52166176296397093,3593,146,741,320
5,29,manhattan,distance,0.81458333333333333,0.68708971553610498,0.29594721960414705,0.96175447980743511,0.41370223978919629,0.62885084970579108,0.75192994644170186,0.52340007874306371,3596,143,747,314
5,31,manhattan,distance,0.81395833333333334,0.68584070796460173,0.29217719132893499,0.96202193099759292,0.40978189028420359,0.62709956116326393,0.75142970432401268,0.52373567271426869,3597,142,751,310
